"seriesCandidate","code","canonicalCode","displayCode","sourceMeaningEn","normalizedMeaningDraftRu","categoryCandidate","sourceManualId","sourceManualTitle","sourcePath","sourceSection","sourceContext","confidence","alreadyInRuntime","existingRuntimePath","proposedRuntimeFolder","proposedPackageId","actionRecommendation","reason"
"X series","L0","L0","L0","Malfunction of IDU","Черновая нормализация требуется: Malfunction of IDU","indoor","gree-gmv-x-owner-manual","Owner's Manual GMV X DC Inverter VRF Units","artifacts/manual-intake/sources/gree/Owner's Manual GMV X DC Inverter VRF Units.pdf","Error Indication - Indoor Unit","PDF 70; Error Indication - Indoor Unit; owner manual note says specific unit fault and maintenance require engineering debugging and after-sales maintenance manual.","medium","yes","data/equipment-diagnostics/error-knowledge/gree/gmv6/indoor/l0.json;data/equipment-diagnostics/error-knowledge/gree/gmv-mini/indoor/l0.json","gree/gmv-x/indoor","gree-gmv-x-vrf-indoor-codes","needs-manual-review","Owner manual provides an error/status table row, but this inventory stage has no GMV X service or after-sales maintenance manual evidence for runtime-ready troubleshooting text."
"X series","L1","L1","L1","Protection of indoor fan","Черновая нормализация требуется: Protection of indoor fan","indoor","gree-gmv-x-owner-manual","Owner's Manual GMV X DC Inverter VRF Units","artifacts/manual-intake/sources/gree/Owner's Manual GMV X DC Inverter VRF Units.pdf","Error Indication - Indoor Unit","PDF 70; Error Indication - Indoor Unit; owner manual note says specific unit fault and maintenance require engineering debugging and after-sales maintenance manual.","medium","yes","data/equipment-diagnostics/error-knowledge/gree/gmv6/indoor/l1.json;data/equipment-diagnostics/error-knowledge/gree/gmv-mini/indoor/l1.json","gree/gmv-x/indoor","gree-gmv-x-vrf-indoor-codes","needs-manual-review","Owner manual provides an error/status table row, but this inventory stage has no GMV X service or after-sales maintenance manual evidence for runtime-ready troubleshooting text."
"X series","L3","L3","L3","Water-full protection","Черновая нормализация требуется: Water-full protection","indoor","gree-gmv-x-owner-manual","Owner's Manual GMV X DC Inverter VRF Units","artifacts/manual-intake/sources/gree/Owner's Manual GMV X DC Inverter VRF Units.pdf","Error Indication - Indoor Unit","PDF 70; Error Indication - Indoor Unit; owner manual note says specific unit fault and maintenance require engineering debugging and after-sales maintenance manual.","medium","yes","data/equipment-diagnostics/error-knowledge/gree/gmv6/indoor/l3.json;data/equipment-diagnostics/error-knowledge/gree/gmv-mini/indoor/l3.json","gree/gmv-x/indoor","gree-gmv-x-vrf-indoor-codes","needs-manual-review","Owner manual provides an error/status table row, but this inventory stage has no GMV X service or after-sales maintenance manual evidence for runtime-ready troubleshooting text."
"X series","L6","L6","L6","Mode conflict","Черновая нормализация требуется: Mode conflict","indoor","gree-gmv-x-owner-manual","Owner's Manual GMV X DC Inverter VRF Units","artifacts/manual-intake/sources/gree/Owner's Manual GMV X DC Inverter VRF Units.pdf","Error Indication - Indoor Unit","PDF 70; Error Indication - Indoor Unit; owner manual note says specific unit fault and maintenance require engineering debugging and after-sales maintenance manual.","medium","yes","data/equipment-diagnostics/error-knowledge/gree/gmv6/indoor/l6.json;data/equipment-diagnostics/error-knowledge/gree/gmv-mini/indoor/l6.json","gree/gmv-x/indoor","gree-gmv-x-vrf-indoor-codes","needs-manual-review","Owner manual provides an error/status table row, but this inventory stage has no GMV X service or after-sales maintenance manual evidence for runtime-ready troubleshooting text."
"X series","d1","D1","d1","Indoor PCB is poor","Черновая нормализация требуется: Indoor PCB is poor","indoor","gree-gmv-x-owner-manual","Owner's Manual GMV X DC Inverter VRF Units","artifacts/manual-intake/sources/gree/Owner's Manual GMV X DC Inverter VRF Units.pdf","Error Indication - Indoor Unit","PDF 70; Error Indication - Indoor Unit; owner manual note says specific unit fault and maintenance require engineering debugging and after-sales maintenance manual.","medium","yes","data/equipment-diagnostics/error-knowledge/gree/gmv6/indoor/d1.json;data/equipment-diagnostics/error-knowledge/gree/gmv-mini/indoor/d1.json","gree/gmv-x/indoor","gree-gmv-x-vrf-indoor-codes","needs-manual-review","Owner manual provides an error/status table row, but this inventory stage has no GMV X service or after-sales maintenance manual evidence for runtime-ready troubleshooting text."
"X series","d3","D3","d3","Malfunction of ambient temperature sensor","Черновая нормализация требуется: Malfunction of ambient temperature sensor","indoor","gree-gmv-x-owner-manual","Owner's Manual GMV X DC Inverter VRF Units","artifacts/manual-intake/sources/gree/Owner's Manual GMV X DC Inverter VRF Units.pdf","Error Indication - Indoor Unit","PDF 70; Error Indication - Indoor Unit; owner manual note says specific unit fault and maintenance require engineering debugging and after-sales maintenance manual.","medium","yes","data/equipment-diagnostics/error-knowledge/gree/gmv6/indoor/d3.json;data/equipment-diagnostics/error-knowledge/gree/gmv-mini/indoor/d3.json","gree/gmv-x/indoor","gree-gmv-x-vrf-indoor-codes","needs-manual-review","Owner manual provides an error/status table row, but this inventory stage has no GMV X service or after-sales maintenance manual evidence for runtime-ready troubleshooting text."
"X series","d4","D4","d4","Malfunction of entry-tube temperature sensor","Черновая нормализация требуется: Malfunction of entry-tube temperature sensor","indoor","gree-gmv-x-owner-manual","Owner's Manual GMV X DC Inverter VRF Units","artifacts/manual-intake/sources/gree/Owner's Manual GMV X DC Inverter VRF Units.pdf","Error Indication - Indoor Unit","PDF 70; Error Indication - Indoor Unit; owner manual note says specific unit fault and maintenance require engineering debugging and after-sales maintenance manual.","medium","yes","data/equipment-diagnostics/error-knowledge/gree/gmv6/indoor/d4.json;data/equipment-diagnostics/error-knowledge/gree/gmv-mini/indoor/d4.json","gree/gmv-x/indoor","gree-gmv-x-vrf-indoor-codes","needs-manual-review","Owner manual provides an error/status table row, but this inventory stage has no GMV X service or after-sales maintenance manual evidence for runtime-ready troubleshooting text."
"X series","d6","D6","d6","Malfunction of exit-tube temperature sensor","Черновая нормализация требуется: Malfunction of exit-tube temperature sensor","indoor","gree-gmv-x-owner-manual","Owner's Manual GMV X DC Inverter VRF Units","artifacts/manual-intake/sources/gree/Owner's Manual GMV X DC Inverter VRF Units.pdf","Error Indication - Indoor Unit","PDF 70; Error Indication - Indoor Unit; owner manual note says specific unit fault and maintenance require engineering debugging and after-sales maintenance manual.","medium","yes","data/equipment-diagnostics/error-knowledge/gree/gmv6/indoor/d6.json;data/equipment-diagnostics/error-knowledge/gree/gmv-mini/indoor/d6.json","gree/gmv-x/indoor","gree-gmv-x-vrf-indoor-codes","needs-manual-review","Owner manual provides an error/status table row, but this inventory stage has no GMV X service or after-sales maintenance manual evidence for runtime-ready troubleshooting text."
"X series","o1","O1","o1","Low-voltage protection of IDU's bus bar","Черновая нормализация требуется: Low-voltage protection of IDU's bus bar","indoor","gree-gmv-x-owner-manual","Owner's Manual GMV X DC Inverter VRF Units","artifacts/manual-intake/sources/gree/Owner's Manual GMV X DC Inverter VRF Units.pdf","Error Indication - Indoor Unit","PDF 70; Error Indication - Indoor Unit; owner manual note says specific unit fault and maintenance require engineering debugging and after-sales maintenance manual.","medium","yes","data/equipment-diagnostics/error-knowledge/gree/gmv6/indoor/o1.json","gree/gmv-x/indoor","gree-gmv-x-vrf-indoor-codes","needs-manual-review","Owner manual provides an error/status table row, but this inventory stage has no GMV X service or after-sales maintenance manual evidence for runtime-ready troubleshooting text."
"X series","o3","O3","o3","IPM module protection of IDU","Черновая нормализация требуется: IPM module protection of IDU","indoor","gree-gmv-x-owner-manual","Owner's Manual GMV X DC Inverter VRF Units","artifacts/manual-intake/sources/gree/Owner's Manual GMV X DC Inverter VRF Units.pdf","Error Indication - Indoor Unit","PDF 70; Error Indication - Indoor Unit; owner manual note says specific unit fault and maintenance require engineering debugging and after-sales maintenance manual.","medium","yes","data/equipment-diagnostics/error-knowledge/gree/gmv6/indoor/o3.json","gree/gmv-x/indoor","gree-gmv-x-vrf-indoor-codes","needs-manual-review","Owner manual provides an error/status table row, but this inventory stage has no GMV X service or after-sales maintenance manual evidence for runtime-ready troubleshooting text."
"X series","o8","O8","o8","Communication malfunction of IDU's driver","Черновая нормализация требуется: Communication malfunction of IDU's driver","indoor","gree-gmv-x-owner-manual","Owner's Manual GMV X DC Inverter VRF Units","artifacts/manual-intake/sources/gree/Owner's Manual GMV X DC Inverter VRF Units.pdf","Error Indication - Indoor Unit","PDF 70; Error Indication - Indoor Unit; owner manual note says specific unit fault and maintenance require engineering debugging and after-sales maintenance manual.","medium","yes","data/equipment-diagnostics/error-knowledge/gree/gmv6/indoor/o8.json","gree/gmv-x/indoor","gree-gmv-x-vrf-indoor-codes","needs-manual-review","Owner manual provides an error/status table row, but this inventory stage has no GMV X service or after-sales maintenance manual evidence for runtime-ready troubleshooting text."
"X series","E0","E0","E0","Malfunction of ODU","Черновая нормализация требуется: Malfunction of ODU","outdoor","gree-gmv-x-owner-manual","Owner's Manual GMV X DC Inverter VRF Units","artifacts/manual-intake/sources/gree/Owner's Manual GMV X DC Inverter VRF Units.pdf","Error Indication - Outdoor Unit","PDF 71; Error Indication - Outdoor Unit; owner manual note says specific unit fault and maintenance require engineering debugging and after-sales maintenance manual.","medium","yes","data/equipment-diagnostics/error-knowledge/gree/gmv6/outdoor/e0.json;data/equipment-diagnostics/error-knowledge/gree/gmv-mini/outdoor/e0.json","gree/gmv-x/outdoor","gree-gmv-x-vrf-outdoor-codes","needs-manual-review","Owner manual provides an error/status table row, but this inventory stage has no GMV X service or after-sales maintenance manual evidence for runtime-ready troubleshooting text."
"X series","E1","E1","E1","High-pressure protection","Черновая нормализация требуется: High-pressure protection","outdoor","gree-gmv-x-owner-manual","Owner's Manual GMV X DC Inverter VRF Units","artifacts/manual-intake/sources/gree/Owner's Manual GMV X DC Inverter VRF Units.pdf","Error Indication - Outdoor Unit","PDF 71; Error Indication - Outdoor Unit; owner manual note says specific unit fault and maintenance require engineering debugging and after-sales maintenance manual.","medium","yes","data/equipment-diagnostics/error-knowledge/gree/gmv6/outdoor/e1.json;data/equipment-diagnostics/error-knowledge/gree/gmv-mini/outdoor/e1.json","gree/gmv-x/outdoor","gree-gmv-x-vrf-outdoor-codes","needs-manual-review","Owner manual provides an error/status table row, but this inventory stage has no GMV X service or after-sales maintenance manual evidence for runtime-ready troubleshooting text."
"X series","E3","E3","E3","Low-pressure protection","Черновая нормализация требуется: Low-pressure protection","outdoor","gree-gmv-x-owner-manual","Owner's Manual GMV X DC Inverter VRF Units","artifacts/manual-intake/sources/gree/Owner's Manual GMV X DC Inverter VRF Units.pdf","Error Indication - Outdoor Unit","PDF 71; Error Indication - Outdoor Unit; owner manual note says specific unit fault and maintenance require engineering debugging and after-sales maintenance manual.","medium","yes","data/equipment-diagnostics/error-knowledge/gree/gmv6/outdoor/e3.json;data/equipment-diagnostics/error-knowledge/gree/gmv-mini/outdoor/e3.json","gree/gmv-x/outdoor","gree-gmv-x-vrf-outdoor-codes","needs-manual-review","Owner manual provides an error/status table row, but this inventory stage has no GMV X service or after-sales maintenance manual evidence for runtime-ready troubleshooting text."
"X series","E4","E4","E4","High discharge temperature protection of compressor","Черновая нормализация требуется: High discharge temperature protection of compressor","outdoor","gree-gmv-x-owner-manual","Owner's Manual GMV X DC Inverter VRF Units","artifacts/manual-intake/sources/gree/Owner's Manual GMV X DC Inverter VRF Units.pdf","Error Indication - Outdoor Unit","PDF 71; Error Indication - Outdoor Unit; owner manual note says specific unit fault and maintenance require engineering debugging and after-sales maintenance manual.","medium","yes","data/equipment-diagnostics/error-knowledge/gree/gmv6/outdoor/e4.json;data/equipment-diagnostics/error-knowledge/gree/gmv-mini/outdoor/e4.json","gree/gmv-x/outdoor","gree-gmv-x-vrf-outdoor-codes","needs-manual-review","Owner manual provides an error/status table row, but this inventory stage has no GMV X service or after-sales maintenance manual evidence for runtime-ready troubleshooting text."
"X series","F0","F0","F0","Main board of ODU is poor","Черновая нормализация требуется: Main board of ODU is poor","outdoor","gree-gmv-x-owner-manual","Owner's Manual GMV X DC Inverter VRF Units","artifacts/manual-intake/sources/gree/Owner's Manual GMV X DC Inverter VRF Units.pdf","Error Indication - Outdoor Unit","PDF 71; Error Indication - Outdoor Unit; owner manual note says specific unit fault and maintenance require engineering debugging and after-sales maintenance manual.","medium","yes","data/equipment-diagnostics/error-knowledge/gree/gmv6/outdoor/f0.json;data/equipment-diagnostics/error-knowledge/gree/gmv-mini/outdoor/f0.json","gree/gmv-x/outdoor","gree-gmv-x-vrf-outdoor-codes","needs-manual-review","Owner manual provides an error/status table row, but this inventory stage has no GMV X service or after-sales maintenance manual evidence for runtime-ready troubleshooting text."
"X series","F1","F1","F1","Malfunction of high-pressure sensor","Черновая нормализация требуется: Malfunction of high-pressure sensor","outdoor","gree-gmv-x-owner-manual","Owner's Manual GMV X DC Inverter VRF Units","artifacts/manual-intake/sources/gree/Owner's Manual GMV X DC Inverter VRF Units.pdf","Error Indication - Outdoor Unit","PDF 71; Error Indication - Outdoor Unit; owner manual note says specific unit fault and maintenance require engineering debugging and after-sales maintenance manual.","medium","yes","data/equipment-diagnostics/error-knowledge/gree/gmv6/outdoor/f1.json;data/equipment-diagnostics/error-knowledge/gree/gmv-mini/outdoor/f1.json","gree/gmv-x/outdoor","gree-gmv-x-vrf-outdoor-codes","needs-manual-review","Owner manual provides an error/status table row, but this inventory stage has no GMV X service or after-sales maintenance manual evidence for runtime-ready troubleshooting text."
"X series","F3","F3","F3","Malfunction of low-pressure sensor","Черновая нормализация требуется: Malfunction of low-pressure sensor","outdoor","gree-gmv-x-owner-manual","Owner's Manual GMV X DC Inverter VRF Units","artifacts/manual-intake/sources/gree/Owner's Manual GMV X DC Inverter VRF Units.pdf","Error Indication - Outdoor Unit","PDF 71; Error Indication - Outdoor Unit; owner manual note says specific unit fault and maintenance require engineering debugging and after-sales maintenance manual.","medium","yes","data/equipment-diagnostics/error-knowledge/gree/gmv6/outdoor/f3.json;data/equipment-diagnostics/error-knowledge/gree/gmv-mini/outdoor/f3.json","gree/gmv-x/outdoor","gree-gmv-x-vrf-outdoor-codes","needs-manual-review","Owner manual provides an error/status table row, but this inventory stage has no GMV X service or after-sales maintenance manual evidence for runtime-ready troubleshooting text."
"X series","F5","F5","F5","Malfunction of discharge temperature sensor of compressor 1","Черновая нормализация требуется: Malfunction of discharge temperature sensor of compressor 1","outdoor","gree-gmv-x-owner-manual","Owner's Manual GMV X DC Inverter VRF Units","artifacts/manual-intake/sources/gree/Owner's Manual GMV X DC Inverter VRF Units.pdf","Error Indication - Outdoor Unit","PDF 71; Error Indication - Outdoor Unit; owner manual note says specific unit fault and maintenance require engineering debugging and after-sales maintenance manual.","medium","yes","data/equipment-diagnostics/error-knowledge/gree/gmv6/outdoor/f5.json;data/equipment-diagnostics/error-knowledge/gree/gmv-mini/outdoor/f5.json","gree/gmv-x/outdoor","gree-gmv-x-vrf-outdoor-codes","needs-manual-review","Owner manual provides an error/status table row, but this inventory stage has no GMV X service or after-sales maintenance manual evidence for runtime-ready troubleshooting text."
"X series","J1","J1","J1","Over-current protection of compressor 1","Черновая нормализация требуется: Over-current protection of compressor 1","outdoor","gree-gmv-x-owner-manual","Owner's Manual GMV X DC Inverter VRF Units","artifacts/manual-intake/sources/gree/Owner's Manual GMV X DC Inverter VRF Units.pdf","Error Indication - Outdoor Unit","PDF 71; Error Indication - Outdoor Unit; owner manual note says specific unit fault and maintenance require engineering debugging and after-sales maintenance manual.","medium","yes","data/equipment-diagnostics/error-knowledge/gree/gmv6/outdoor/j1.json;data/equipment-diagnostics/error-knowledge/gree/gmv-mini/outdoor/j1.json","gree/gmv-x/outdoor","gree-gmv-x-vrf-outdoor-codes","needs-manual-review","Owner manual provides an error/status table row, but this inventory stage has no GMV X service or after-sales maintenance manual evidence for runtime-ready troubleshooting text."
"X series","J7","J7","J7","Gas-mixing protection of 4-way valve","Черновая нормализация требуется: Gas-mixing protection of 4-way valve","outdoor","gree-gmv-x-owner-manual","Owner's Manual GMV X DC Inverter VRF Units","artifacts/manual-intake/sources/gree/Owner's Manual GMV X DC Inverter VRF Units.pdf","Error Indication - Outdoor Unit","PDF 71; Error Indication - Outdoor Unit; owner manual note says specific unit fault and maintenance require engineering debugging and after-sales maintenance manual.","medium","yes","data/equipment-diagnostics/error-knowledge/gree/gmv6/outdoor/j7.json;data/equipment-diagnostics/error-knowledge/gree/gmv-mini/outdoor/j7.json","gree/gmv-x/outdoor","gree-gmv-x-vrf-outdoor-codes","needs-manual-review","Owner manual provides an error/status table row, but this inventory stage has no GMV X service or after-sales maintenance manual evidence for runtime-ready troubleshooting text."
"X series","J8","J8","J8","High pressure ratio protection of system","Черновая нормализация требуется: High pressure ratio protection of system","outdoor","gree-gmv-x-owner-manual","Owner's Manual GMV X DC Inverter VRF Units","artifacts/manual-intake/sources/gree/Owner's Manual GMV X DC Inverter VRF Units.pdf","Error Indication - Outdoor Unit","PDF 71; Error Indication - Outdoor Unit; owner manual note says specific unit fault and maintenance require engineering debugging and after-sales maintenance manual.","medium","yes","data/equipment-diagnostics/error-knowledge/gree/gmv6/outdoor/j8.json;data/equipment-diagnostics/error-knowledge/gree/gmv-mini/outdoor/j8.json","gree/gmv-x/outdoor","gree-gmv-x-vrf-outdoor-codes","needs-manual-review","Owner manual provides an error/status table row, but this inventory stage has no GMV X service or after-sales maintenance manual evidence for runtime-ready troubleshooting text."
"X series","J9","J9","J9","Low pressure ratio protection of system","Черновая нормализация требуется: Low pressure ratio protection of system","outdoor","gree-gmv-x-owner-manual","Owner's Manual GMV X DC Inverter VRF Units","artifacts/manual-intake/sources/gree/Owner's Manual GMV X DC Inverter VRF Units.pdf","Error Indication - Outdoor Unit","PDF 71; Error Indication - Outdoor Unit; owner manual note says specific unit fault and maintenance require engineering debugging and after-sales maintenance manual.","medium","yes","data/equipment-diagnostics/error-knowledge/gree/gmv6/outdoor/j9.json;data/equipment-diagnostics/error-knowledge/gree/gmv-mini/outdoor/j9.json","gree/gmv-x/outdoor","gree-gmv-x-vrf-outdoor-codes","needs-manual-review","Owner manual provides an error/status table row, but this inventory stage has no GMV X service or after-sales maintenance manual evidence for runtime-ready troubleshooting text."
"X series","P0","P0","P0","Malfunction of driving board of compressor","Черновая нормализация требуется: Malfunction of driving board of compressor","outdoor","gree-gmv-x-owner-manual","Owner's Manual GMV X DC Inverter VRF Units","artifacts/manual-intake/sources/gree/Owner's Manual GMV X DC Inverter VRF Units.pdf","Error Indication - Outdoor Unit","PDF 71; Error Indication - Outdoor Unit; owner manual note says specific unit fault and maintenance require engineering debugging and after-sales maintenance manual.","medium","yes","data/equipment-diagnostics/error-knowledge/gree/gmv6/outdoor/p0.json;data/equipment-diagnostics/error-knowledge/gree/gmv-mini/outdoor/p0.json","gree/gmv-x/outdoor","gree-gmv-x-vrf-outdoor-codes","needs-manual-review","Owner manual provides an error/status table row, but this inventory stage has no GMV X service or after-sales maintenance manual evidence for runtime-ready troubleshooting text."
"X series","P5","P5","P5","Over-current protection of inverter compressor","Черновая нормализация требуется: Over-current protection of inverter compressor","outdoor","gree-gmv-x-owner-manual","Owner's Manual GMV X DC Inverter VRF Units","artifacts/manual-intake/sources/gree/Owner's Manual GMV X DC Inverter VRF Units.pdf","Error Indication - Outdoor Unit","PDF 72; Error Indication - Outdoor Unit; owner manual note says specific unit fault and maintenance require engineering debugging and after-sales maintenance manual.","medium","yes","data/equipment-diagnostics/error-knowledge/gree/gmv6/outdoor/p5.json;data/equipment-diagnostics/error-knowledge/gree/gmv-mini/outdoor/p5.json","gree/gmv-x/outdoor","gree-gmv-x-vrf-outdoor-codes","needs-manual-review","Owner manual provides an error/status table row, but this inventory stage has no GMV X service or after-sales maintenance manual evidence for runtime-ready troubleshooting text."
"X series","P6","P6","P6","Drive IPM module protection of compressor","Черновая нормализация требуется: Drive IPM module protection of compressor","outdoor","gree-gmv-x-owner-manual","Owner's Manual GMV X DC Inverter VRF Units","artifacts/manual-intake/sources/gree/Owner's Manual GMV X DC Inverter VRF Units.pdf","Error Indication - Outdoor Unit","PDF 72; Error Indication - Outdoor Unit; owner manual note says specific unit fault and maintenance require engineering debugging and after-sales maintenance manual.","medium","yes","data/equipment-diagnostics/error-knowledge/gree/gmv6/outdoor/p6.json;data/equipment-diagnostics/error-knowledge/gree/gmv-mini/outdoor/p6.json","gree/gmv-x/outdoor","gree-gmv-x-vrf-outdoor-codes","needs-manual-review","Owner manual provides an error/status table row, but this inventory stage has no GMV X service or after-sales maintenance manual evidence for runtime-ready troubleshooting text."
"X series","P8","P8","P8","Drive IPM high temperature protection of compressor","Черновая нормализация требуется: Drive IPM high temperature protection of compressor","outdoor","gree-gmv-x-owner-manual","Owner's Manual GMV X DC Inverter VRF Units","artifacts/manual-intake/sources/gree/Owner's Manual GMV X DC Inverter VRF Units.pdf","Error Indication - Outdoor Unit","PDF 72; Error Indication - Outdoor Unit; owner manual note says specific unit fault and maintenance require engineering debugging and after-sales maintenance manual.","medium","yes","data/equipment-diagnostics/error-knowledge/gree/gmv6/outdoor/p8.json;data/equipment-diagnostics/error-knowledge/gree/gmv-mini/outdoor/p8.json","gree/gmv-x/outdoor","gree-gmv-x-vrf-outdoor-codes","needs-manual-review","Owner manual provides an error/status table row, but this inventory stage has no GMV X service or after-sales maintenance manual evidence for runtime-ready troubleshooting text."
"X series","H0","H0","H0","Malfunction of driving board of fan","Черновая нормализация требуется: Malfunction of driving board of fan","outdoor","gree-gmv-x-owner-manual","Owner's Manual GMV X DC Inverter VRF Units","artifacts/manual-intake/sources/gree/Owner's Manual GMV X DC Inverter VRF Units.pdf","Error Indication - Outdoor Unit","PDF 72; Error Indication - Outdoor Unit; owner manual note says specific unit fault and maintenance require engineering debugging and after-sales maintenance manual.","medium","yes","data/equipment-diagnostics/error-knowledge/gree/gmv6/outdoor/h0.json","gree/gmv-x/outdoor","gree-gmv-x-vrf-outdoor-codes","needs-manual-review","Owner manual provides an error/status table row, but this inventory stage has no GMV X service or after-sales maintenance manual evidence for runtime-ready troubleshooting text."
"X series","H5","H5","H5","Over-current protection of inverter fan","Черновая нормализация требуется: Over-current protection of inverter fan","outdoor","gree-gmv-x-owner-manual","Owner's Manual GMV X DC Inverter VRF Units","artifacts/manual-intake/sources/gree/Owner's Manual GMV X DC Inverter VRF Units.pdf","Error Indication - Outdoor Unit","PDF 72; Error Indication - Outdoor Unit; owner manual note says specific unit fault and maintenance require engineering debugging and after-sales maintenance manual.","medium","yes","data/equipment-diagnostics/error-knowledge/gree/gmv6/outdoor/h5.json","gree/gmv-x/outdoor","gree-gmv-x-vrf-outdoor-codes","needs-manual-review","Owner manual provides an error/status table row, but this inventory stage has no GMV X service or after-sales maintenance manual evidence for runtime-ready troubleshooting text."
"X series","H6","H6","H6","Drive IPM module protection of fan","Черновая нормализация требуется: Drive IPM module protection of fan","outdoor","gree-gmv-x-owner-manual","Owner's Manual GMV X DC Inverter VRF Units","artifacts/manual-intake/sources/gree/Owner's Manual GMV X DC Inverter VRF Units.pdf","Error Indication - Outdoor Unit","PDF 72; Error Indication - Outdoor Unit; owner manual note says specific unit fault and maintenance require engineering debugging and after-sales maintenance manual.","medium","yes","data/equipment-diagnostics/error-knowledge/gree/gmv6/outdoor/h6.json","gree/gmv-x/outdoor","gree-gmv-x-vrf-outdoor-codes","needs-manual-review","Owner manual provides an error/status table row, but this inventory stage has no GMV X service or after-sales maintenance manual evidence for runtime-ready troubleshooting text."
"X series","H8","H8","H8","Drive IPM high temperature protection of fan","Черновая нормализация требуется: Drive IPM high temperature protection of fan","outdoor","gree-gmv-x-owner-manual","Owner's Manual GMV X DC Inverter VRF Units","artifacts/manual-intake/sources/gree/Owner's Manual GMV X DC Inverter VRF Units.pdf","Error Indication - Outdoor Unit","PDF 72; Error Indication - Outdoor Unit; owner manual note says specific unit fault and maintenance require engineering debugging and after-sales maintenance manual.","medium","yes","data/equipment-diagnostics/error-knowledge/gree/gmv6/outdoor/h8.json","gree/gmv-x/outdoor","gree-gmv-x-vrf-outdoor-codes","needs-manual-review","Owner manual provides an error/status table row, but this inventory stage has no GMV X service or after-sales maintenance manual evidence for runtime-ready troubleshooting text."
"X series","G0","G0","G0","PV reversed connection protection","Черновая нормализация требуется: PV reversed connection protection","outdoor","gree-gmv-x-owner-manual","Owner's Manual GMV X DC Inverter VRF Units","artifacts/manual-intake/sources/gree/Owner's Manual GMV X DC Inverter VRF Units.pdf","Error Indication - Outdoor Unit","PDF 72; Error Indication - Outdoor Unit; owner manual note says specific unit fault and maintenance require engineering debugging and after-sales maintenance manual.","medium","yes","data/equipment-diagnostics/error-knowledge/gree/gmv6/outdoor/g0.json","gree/gmv-x/outdoor","gree-gmv-x-vrf-outdoor-codes","needs-manual-review","Owner manual provides an error/status table row, but this inventory stage has no GMV X service or after-sales maintenance manual evidence for runtime-ready troubleshooting text."
"X series","G1","G1","G1","PV anti-islanding protection","Черновая нормализация требуется: PV anti-islanding protection","outdoor","gree-gmv-x-owner-manual","Owner's Manual GMV X DC Inverter VRF Units","artifacts/manual-intake/sources/gree/Owner's Manual GMV X DC Inverter VRF Units.pdf","Error Indication - Outdoor Unit","PDF 72; Error Indication - Outdoor Unit; owner manual note says specific unit fault and maintenance require engineering debugging and after-sales maintenance manual.","medium","yes","data/equipment-diagnostics/error-knowledge/gree/gmv6/outdoor/g1.json","gree/gmv-x/outdoor","gree-gmv-x-vrf-outdoor-codes","needs-manual-review","Owner manual provides an error/status table row, but this inventory stage has no GMV X service or after-sales maintenance manual evidence for runtime-ready troubleshooting text."
"X series","G2","G2","G2","PV DC overcurrent protection","Черновая нормализация требуется: PV DC overcurrent protection","outdoor","gree-gmv-x-owner-manual","Owner's Manual GMV X DC Inverter VRF Units","artifacts/manual-intake/sources/gree/Owner's Manual GMV X DC Inverter VRF Units.pdf","Error Indication - Outdoor Unit","PDF 72; Error Indication - Outdoor Unit; owner manual note says specific unit fault and maintenance require engineering debugging and after-sales maintenance manual.","medium","yes","data/equipment-diagnostics/error-knowledge/gree/gmv6/outdoor/g2.json","gree/gmv-x/outdoor","gree-gmv-x-vrf-outdoor-codes","needs-manual-review","Owner manual provides an error/status table row, but this inventory stage has no GMV X service or after-sales maintenance manual evidence for runtime-ready troubleshooting text."
"X series","G8","G8","G8","Overcurrent protection at power grid side","Черновая нормализация требуется: Overcurrent protection at power grid side","outdoor","gree-gmv-x-owner-manual","Owner's Manual GMV X DC Inverter VRF Units","artifacts/manual-intake/sources/gree/Owner's Manual GMV X DC Inverter VRF Units.pdf","Error Indication - Outdoor Unit","PDF 72; Error Indication - Outdoor Unit; owner manual note says specific unit fault and maintenance require engineering debugging and after-sales maintenance manual.","medium","yes","data/equipment-diagnostics/error-knowledge/gree/gmv6/outdoor/g8.json","gree/gmv-x/outdoor","gree-gmv-x-vrf-outdoor-codes","needs-manual-review","Owner manual provides an error/status table row, but this inventory stage has no GMV X service or after-sales maintenance manual evidence for runtime-ready troubleshooting text."
"X series","U0","U0","U0","Preheat time of compressor is insufficient","Черновая нормализация требуется: Preheat time of compressor is insufficient","outdoor","gree-gmv-x-owner-manual","Owner's Manual GMV X DC Inverter VRF Units","artifacts/manual-intake/sources/gree/Owner's Manual GMV X DC Inverter VRF Units.pdf","Error Indication - Outdoor Unit","PDF 73; Error Indication - Outdoor Unit; owner manual note says specific unit fault and maintenance require engineering debugging and after-sales maintenance manual.","medium","yes","data/equipment-diagnostics/error-knowledge/gree/gmv6/debugging/u0.json;data/equipment-diagnostics/error-knowledge/gree/gmv-mini/outdoor/u0.json","gree/gmv-x/outdoor","gree-gmv-x-vrf-outdoor-codes","needs-manual-review","Owner manual provides an error/status table row, but this inventory stage has no GMV X service or after-sales maintenance manual evidence for runtime-ready troubleshooting text."
"X series","U4","U4","U4","Refrigerant-lacking protection","Черновая нормализация требуется: Refrigerant-lacking protection","outdoor","gree-gmv-x-owner-manual","Owner's Manual GMV X DC Inverter VRF Units","artifacts/manual-intake/sources/gree/Owner's Manual GMV X DC Inverter VRF Units.pdf","Error Indication - Outdoor Unit","PDF 73; Error Indication - Outdoor Unit; owner manual note says specific unit fault and maintenance require engineering debugging and after-sales maintenance manual.","medium","yes","data/equipment-diagnostics/error-knowledge/gree/gmv6/debugging/u4.json;data/equipment-diagnostics/error-knowledge/gree/gmv-mini/outdoor/u4.json","gree/gmv-x/outdoor","gree-gmv-x-vrf-outdoor-codes","needs-manual-review","Owner manual provides an error/status table row, but this inventory stage has no GMV X service or after-sales maintenance manual evidence for runtime-ready troubleshooting text."
"X series","U6","U6","U6","Alarm because valve is abnormal","Черновая нормализация требуется: Alarm because valve is abnormal","outdoor","gree-gmv-x-owner-manual","Owner's Manual GMV X DC Inverter VRF Units","artifacts/manual-intake/sources/gree/Owner's Manual GMV X DC Inverter VRF Units.pdf","Error Indication - Outdoor Unit","PDF 73; Error Indication - Outdoor Unit; owner manual note says specific unit fault and maintenance require engineering debugging and after-sales maintenance manual.","medium","yes","data/equipment-diagnostics/error-knowledge/gree/gmv6/debugging/u6.json;data/equipment-diagnostics/error-knowledge/gree/gmv-mini/outdoor/u6.json","gree/gmv-x/outdoor","gree-gmv-x-vrf-outdoor-codes","needs-manual-review","Owner manual provides an error/status table row, but this inventory stage has no GMV X service or after-sales maintenance manual evidence for runtime-ready troubleshooting text."
"X series","U8","U8","U8","Malfunction of pipeline for IDU","Черновая нормализация требуется: Malfunction of pipeline for IDU","outdoor","gree-gmv-x-owner-manual","Owner's Manual GMV X DC Inverter VRF Units","artifacts/manual-intake/sources/gree/Owner's Manual GMV X DC Inverter VRF Units.pdf","Error Indication - Outdoor Unit","PDF 73; Error Indication - Outdoor Unit; owner manual note says specific unit fault and maintenance require engineering debugging and after-sales maintenance manual.","medium","yes","data/equipment-diagnostics/error-knowledge/gree/gmv6/debugging/u8.json;data/equipment-diagnostics/error-knowledge/gree/gmv-mini/outdoor/u8.json","gree/gmv-x/outdoor","gree-gmv-x-vrf-outdoor-codes","needs-manual-review","Owner manual provides an error/status table row, but this inventory stage has no GMV X service or after-sales maintenance manual evidence for runtime-ready troubleshooting text."
"X series","U9","U9","U9","Malfunction of pipeline for ODU","Черновая нормализация требуется: Malfunction of pipeline for ODU","outdoor","gree-gmv-x-owner-manual","Owner's Manual GMV X DC Inverter VRF Units","artifacts/manual-intake/sources/gree/Owner's Manual GMV X DC Inverter VRF Units.pdf","Error Indication - Outdoor Unit","PDF 73; Error Indication - Outdoor Unit; owner manual note says specific unit fault and maintenance require engineering debugging and after-sales maintenance manual.","medium","yes","data/equipment-diagnostics/error-knowledge/gree/gmv6/debugging/u9.json;data/equipment-diagnostics/error-knowledge/gree/gmv-mini/outdoor/u9.json","gree/gmv-x/outdoor","gree-gmv-x-vrf-outdoor-codes","needs-manual-review","Owner manual provides an error/status table row, but this inventory stage has no GMV X service or after-sales maintenance manual evidence for runtime-ready troubleshooting text."
"X series","C0","C0","C0","Communication malfunction between IDU, ODU and IDU's wired controller","Черновая нормализация требуется: Communication malfunction between IDU, ODU and IDU's wired controller","outdoor","gree-gmv-x-owner-manual","Owner's Manual GMV X DC Inverter VRF Units","artifacts/manual-intake/sources/gree/Owner's Manual GMV X DC Inverter VRF Units.pdf","Error Indication - Outdoor Unit","PDF 73; Error Indication - Outdoor Unit; owner manual note says specific unit fault and maintenance require engineering debugging and after-sales maintenance manual.","medium","yes","data/equipment-diagnostics/error-knowledge/gree/gmv6/debugging/c0.json;data/equipment-diagnostics/error-knowledge/gree/gmv-mini/indoor/c0.json","gree/gmv-x/outdoor","gree-gmv-x-vrf-outdoor-codes","needs-manual-review","Owner manual provides an error/status table row, but this inventory stage has no GMV X service or after-sales maintenance manual evidence for runtime-ready troubleshooting text."
"X series","C2","C2","C2","Communication malfunction between main control and inverter compressor driver","Черновая нормализация требуется: Communication malfunction between main control and inverter compressor driver","outdoor","gree-gmv-x-owner-manual","Owner's Manual GMV X DC Inverter VRF Units","artifacts/manual-intake/sources/gree/Owner's Manual GMV X DC Inverter VRF Units.pdf","Error Indication - Outdoor Unit","PDF 73; Error Indication - Outdoor Unit; owner manual note says specific unit fault and maintenance require engineering debugging and after-sales maintenance manual.","medium","yes","data/equipment-diagnostics/error-knowledge/gree/gmv6/debugging/c2.json;data/equipment-diagnostics/error-knowledge/gree/gmv-mini/outdoor/c2.json","gree/gmv-x/outdoor","gree-gmv-x-vrf-outdoor-codes","needs-manual-review","Owner manual provides an error/status table row, but this inventory stage has no GMV X service or after-sales maintenance manual evidence for runtime-ready troubleshooting text."
"X series","C3","C3","C3","Communication malfunction between main control and inverter fan driver","Черновая нормализация требуется: Communication malfunction between main control and inverter fan driver","outdoor","gree-gmv-x-owner-manual","Owner's Manual GMV X DC Inverter VRF Units","artifacts/manual-intake/sources/gree/Owner's Manual GMV X DC Inverter VRF Units.pdf","Error Indication - Outdoor Unit","PDF 73; Error Indication - Outdoor Unit; owner manual note says specific unit fault and maintenance require engineering debugging and after-sales maintenance manual.","medium","yes","data/equipment-diagnostics/error-knowledge/gree/gmv6/debugging/c3.json;data/equipment-diagnostics/error-knowledge/gree/gmv-mini/outdoor/c3.json","gree/gmv-x/outdoor","gree-gmv-x-vrf-outdoor-codes","needs-manual-review","Owner manual provides an error/status table row, but this inventory stage has no GMV X service or after-sales maintenance manual evidence for runtime-ready troubleshooting text."
"X series","C5","C5","C5","Alarm because project code of IDU is inconsistent","Черновая нормализация требуется: Alarm because project code of IDU is inconsistent","outdoor","gree-gmv-x-owner-manual","Owner's Manual GMV X DC Inverter VRF Units","artifacts/manual-intake/sources/gree/Owner's Manual GMV X DC Inverter VRF Units.pdf","Error Indication - Outdoor Unit","PDF 73; Error Indication - Outdoor Unit; owner manual note says specific unit fault and maintenance require engineering debugging and after-sales maintenance manual.","medium","yes","data/equipment-diagnostics/error-knowledge/gree/gmv6/debugging/c5.json;data/equipment-diagnostics/error-knowledge/gree/gmv-mini/outdoor/c5.json","gree/gmv-x/outdoor","gree-gmv-x-vrf-outdoor-codes","needs-manual-review","Owner manual provides an error/status table row, but this inventory stage has no GMV X service or after-sales maintenance manual evidence for runtime-ready troubleshooting text."
"X series","C7","C7","C7","Abnormal communication of converter","Черновая нормализация требуется: Abnormal communication of converter","outdoor","gree-gmv-x-owner-manual","Owner's Manual GMV X DC Inverter VRF Units","artifacts/manual-intake/sources/gree/Owner's Manual GMV X DC Inverter VRF Units.pdf","Error Indication - Outdoor Unit","PDF 73; Error Indication - Outdoor Unit; owner manual note says specific unit fault and maintenance require engineering debugging and after-sales maintenance manual.","medium","yes","data/equipment-diagnostics/error-knowledge/gree/gmv6/debugging/c7.json","gree/gmv-x/outdoor","gree-gmv-x-vrf-outdoor-codes","needs-manual-review","Owner manual provides an error/status table row, but this inventory stage has no GMV X service or after-sales maintenance manual evidence for runtime-ready troubleshooting text."
"X series","CH","CH","CH","Rated capacity is too high","Черновая нормализация требуется: Rated capacity is too high","outdoor","gree-gmv-x-owner-manual","Owner's Manual GMV X DC Inverter VRF Units","artifacts/manual-intake/sources/gree/Owner's Manual GMV X DC Inverter VRF Units.pdf","Error Indication - Outdoor Unit","PDF 73; Error Indication - Outdoor Unit; owner manual note says specific unit fault and maintenance require engineering debugging and after-sales maintenance manual.","medium","yes","data/equipment-diagnostics/error-knowledge/gree/gmv6/debugging/ch.json;data/equipment-diagnostics/error-knowledge/gree/gmv-mini/status/ch.json","gree/gmv-x/outdoor","gree-gmv-x-vrf-outdoor-codes","needs-manual-review","Owner manual provides an error/status table row, but this inventory stage has no GMV X service or after-sales maintenance manual evidence for runtime-ready troubleshooting text."
"X series","CL","CL","CL","The matching ratio of rated capacity for IDU and ODU is too low","Черновая нормализация требуется: The matching ratio of rated capacity for IDU and ODU is too low","outdoor","gree-gmv-x-owner-manual","Owner's Manual GMV X DC Inverter VRF Units","artifacts/manual-intake/sources/gree/Owner's Manual GMV X DC Inverter VRF Units.pdf","Error Indication - Outdoor Unit","PDF 73; Error Indication - Outdoor Unit; owner manual note says specific unit fault and maintenance require engineering debugging and after-sales maintenance manual.","medium","yes","data/equipment-diagnostics/error-knowledge/gree/gmv6/debugging/cl.json;data/equipment-diagnostics/error-knowledge/gree/gmv-mini/status/cl.json","gree/gmv-x/outdoor","gree-gmv-x-vrf-outdoor-codes","needs-manual-review","Owner manual provides an error/status table row, but this inventory stage has no GMV X service or after-sales maintenance manual evidence for runtime-ready troubleshooting text."
"X series","A0","A0","A0","Unit waiting for debugging","Черновая нормализация требуется: Unit waiting for debugging","status","gree-gmv-x-owner-manual","Owner's Manual GMV X DC Inverter VRF Units","artifacts/manual-intake/sources/gree/Owner's Manual GMV X DC Inverter VRF Units.pdf","Debugging and Status Indication","PDF 73; Debugging and Status Indication; owner manual note says specific unit fault and maintenance require engineering debugging and after-sales maintenance manual.","medium","yes","data/equipment-diagnostics/error-knowledge/gree/gmv6/status/a0.json;data/equipment-diagnostics/error-knowledge/gree/gmv-mini/status/a0.json","gree/gmv-x/status","gree-gmv-x-vrf-status-codes","needs-manual-review","Owner manual provides an error/status table row, but this inventory stage has no GMV X service or after-sales maintenance manual evidence for runtime-ready troubleshooting text."
"X series","A3","A3","A3","Defrosting","Черновая нормализация требуется: Defrosting","status","gree-gmv-x-owner-manual","Owner's Manual GMV X DC Inverter VRF Units","artifacts/manual-intake/sources/gree/Owner's Manual GMV X DC Inverter VRF Units.pdf","Debugging and Status Indication","PDF 73; Debugging and Status Indication; owner manual note says specific unit fault and maintenance require engineering debugging and after-sales maintenance manual.","medium","yes","data/equipment-diagnostics/error-knowledge/gree/gmv6/status/a3.json;data/equipment-diagnostics/error-knowledge/gree/gmv-mini/status/a3.json","gree/gmv-x/status","gree-gmv-x-vrf-status-codes","needs-manual-review","Owner manual provides an error/status table row, but this inventory stage has no GMV X service or after-sales maintenance manual evidence for runtime-ready troubleshooting text."
"X series","A4","A4","A4","Oil-return","Черновая нормализация требуется: Oil-return","status","gree-gmv-x-owner-manual","Owner's Manual GMV X DC Inverter VRF Units","artifacts/manual-intake/sources/gree/Owner's Manual GMV X DC Inverter VRF Units.pdf","Debugging and Status Indication","PDF 73; Debugging and Status Indication; owner manual note says specific unit fault and maintenance require engineering debugging and after-sales maintenance manual.","medium","yes","data/equipment-diagnostics/error-knowledge/gree/gmv6/status/a4.json;data/equipment-diagnostics/error-knowledge/gree/gmv-mini/status/a4.json","gree/gmv-x/status","gree-gmv-x-vrf-status-codes","needs-manual-review","Owner manual provides an error/status table row, but this inventory stage has no GMV X service or after-sales maintenance manual evidence for runtime-ready troubleshooting text."
"X series","A8","A8","A8","Vacuum pump mode","Черновая нормализация требуется: Vacuum pump mode","status","gree-gmv-x-owner-manual","Owner's Manual GMV X DC Inverter VRF Units","artifacts/manual-intake/sources/gree/Owner's Manual GMV X DC Inverter VRF Units.pdf","Debugging and Status Indication","PDF 73; Debugging and Status Indication; owner manual note says specific unit fault and maintenance require engineering debugging and after-sales maintenance manual.","medium","yes","data/equipment-diagnostics/error-knowledge/gree/gmv6/status/a8.json;data/equipment-diagnostics/error-knowledge/gree/gmv-mini/status/a8.json","gree/gmv-x/status","gree-gmv-x-vrf-status-codes","needs-manual-review","Owner manual provides an error/status table row, but this inventory stage has no GMV X service or after-sales maintenance manual evidence for runtime-ready troubleshooting text."
"X series","Ay","AY","Ay","Shielding status","Черновая нормализация требуется: Shielding status","status","gree-gmv-x-owner-manual","Owner's Manual GMV X DC Inverter VRF Units","artifacts/manual-intake/sources/gree/Owner's Manual GMV X DC Inverter VRF Units.pdf","Debugging and Status Indication","PDF 73; Debugging and Status Indication; owner manual note says specific unit fault and maintenance require engineering debugging and after-sales maintenance manual.","medium","yes","data/equipment-diagnostics/error-knowledge/gree/gmv6/status/ay.json","gree/gmv-x/status","gree-gmv-x-vrf-status-codes","needs-manual-review","Owner manual provides an error/status table row, but this inventory stage has no GMV X service or after-sales maintenance manual evidence for runtime-ready troubleshooting text."
"X series","n6","N6","n6","Inquiry of malfunction","Черновая нормализация требуется: Inquiry of malfunction","debugging","gree-gmv-x-owner-manual","Owner's Manual GMV X DC Inverter VRF Units","artifacts/manual-intake/sources/gree/Owner's Manual GMV X DC Inverter VRF Units.pdf","Query and Status Indication","PDF 73; Query and Status Indication; owner manual note says specific unit fault and maintenance require engineering debugging and after-sales maintenance manual.","medium","yes","data/equipment-diagnostics/error-knowledge/gree/gmv6/status/n6.json;data/equipment-diagnostics/error-knowledge/gree/gmv-mini/status/n6.json","gree/gmv-x/debugging","gree-gmv-x-vrf-debugging-codes","needs-manual-review","Owner manual provides an error/status table row, but this inventory stage has no GMV X service or after-sales maintenance manual evidence for runtime-ready troubleshooting text."
"X series","n7","N7","n7","Inquiry of parameters","Черновая нормализация требуется: Inquiry of parameters","debugging","gree-gmv-x-owner-manual","Owner's Manual GMV X DC Inverter VRF Units","artifacts/manual-intake/sources/gree/Owner's Manual GMV X DC Inverter VRF Units.pdf","Query and Status Indication","PDF 73; Query and Status Indication; owner manual note says specific unit fault and maintenance require engineering debugging and after-sales maintenance manual.","medium","yes","data/equipment-diagnostics/error-knowledge/gree/gmv6/status/n7.json;data/equipment-diagnostics/error-knowledge/gree/gmv-mini/status/n7.json","gree/gmv-x/debugging","gree-gmv-x-vrf-debugging-codes","needs-manual-review","Owner manual provides an error/status table row, but this inventory stage has no GMV X service or after-sales maintenance manual evidence for runtime-ready troubleshooting text."
"X series","n8","N8","n8","Inquiry of project code of IDU","Черновая нормализация требуется: Inquiry of project code of IDU","debugging","gree-gmv-x-owner-manual","Owner's Manual GMV X DC Inverter VRF Units","artifacts/manual-intake/sources/gree/Owner's Manual GMV X DC Inverter VRF Units.pdf","Query and Status Indication","PDF 73; Query and Status Indication; owner manual note says specific unit fault and maintenance require engineering debugging and after-sales maintenance manual.","medium","yes","data/equipment-diagnostics/error-knowledge/gree/gmv6/status/n8.json;data/equipment-diagnostics/error-knowledge/gree/gmv-mini/status/n8.json","gree/gmv-x/debugging","gree-gmv-x-vrf-debugging-codes","needs-manual-review","Owner manual provides an error/status table row, but this inventory stage has no GMV X service or after-sales maintenance manual evidence for runtime-ready troubleshooting text."
"X series","n9","N9","n9","Check quantity of IDU on line","Черновая нормализация требуется: Check quantity of IDU on line","debugging","gree-gmv-x-owner-manual","Owner's Manual GMV X DC Inverter VRF Units","artifacts/manual-intake/sources/gree/Owner's Manual GMV X DC Inverter VRF Units.pdf","Query and Status Indication","PDF 74; Query and Status Indication; owner manual note says specific unit fault and maintenance require engineering debugging and after-sales maintenance manual.","medium","yes","data/equipment-diagnostics/error-knowledge/gree/gmv6/status/n9.json","gree/gmv-x/debugging","gree-gmv-x-vrf-debugging-codes","needs-manual-review","Owner manual provides an error/status table row, but this inventory stage has no GMV X service or after-sales maintenance manual evidence for runtime-ready troubleshooting text."
"X series","nb","NB","nb","Bar code inquiry","Черновая нормализация требуется: Bar code inquiry","debugging","gree-gmv-x-owner-manual","Owner's Manual GMV X DC Inverter VRF Units","artifacts/manual-intake/sources/gree/Owner's Manual GMV X DC Inverter VRF Units.pdf","Query and Status Indication","PDF 74; Query and Status Indication; owner manual note says specific unit fault and maintenance require engineering debugging and after-sales maintenance manual.","medium","yes","data/equipment-diagnostics/error-knowledge/gree/gmv6/status/nb.json","gree/gmv-x/debugging","gree-gmv-x-vrf-debugging-codes","needs-manual-review","Owner manual provides an error/status table row, but this inventory stage has no GMV X service or after-sales maintenance manual evidence for runtime-ready troubleshooting text."
"X series","nn","NN","nn","Length modification of connection pipe of ODU","Черновая нормализация требуется: Length modification of connection pipe of ODU","debugging","gree-gmv-x-owner-manual","Owner's Manual GMV X DC Inverter VRF Units","artifacts/manual-intake/sources/gree/Owner's Manual GMV X DC Inverter VRF Units.pdf","Query and Status Indication","PDF 74; Query and Status Indication; owner manual note says specific unit fault and maintenance require engineering debugging and after-sales maintenance manual.","medium","yes","data/equipment-diagnostics/error-knowledge/gree/gmv6/status/nn.json","gree/gmv-x/debugging","gree-gmv-x-vrf-debugging-codes","needs-manual-review","Owner manual provides an error/status table row, but this inventory stage has no GMV X service or after-sales maintenance manual evidence for runtime-ready troubleshooting text."
"X series","qA","QA","qA","Heat recovery status","Черновая нормализация требуется: Heat recovery status","status","gree-gmv-x-owner-manual","Owner's Manual GMV X DC Inverter VRF Units","artifacts/manual-intake/sources/gree/Owner's Manual GMV X DC Inverter VRF Units.pdf","Heat Recovery and Grid Status","PDF 74; Heat Recovery and Grid Status; owner manual note says specific unit fault and maintenance require engineering debugging and after-sales maintenance manual.","medium","no","","gree/gmv-x/status","gree-gmv-x-vrf-status-codes","needs-manual-review","Owner manual provides an error/status table row, but this inventory stage has no GMV X service or after-sales maintenance manual evidence for runtime-ready troubleshooting text."
"X series","qH","QH","qH","Mainly heating","Черновая нормализация требуется: Mainly heating","status","gree-gmv-x-owner-manual","Owner's Manual GMV X DC Inverter VRF Units","artifacts/manual-intake/sources/gree/Owner's Manual GMV X DC Inverter VRF Units.pdf","Heat Recovery and Grid Status","PDF 74; Heat Recovery and Grid Status; owner manual note says specific unit fault and maintenance require engineering debugging and after-sales maintenance manual.","medium","no","","gree/gmv-x/status","gree-gmv-x-vrf-status-codes","needs-manual-review","Owner manual provides an error/status table row, but this inventory stage has no GMV X service or after-sales maintenance manual evidence for runtime-ready troubleshooting text."
"X series","qC","QC","qC","Mainly cooling","Черновая нормализация требуется: Mainly cooling","status","gree-gmv-x-owner-manual","Owner's Manual GMV X DC Inverter VRF Units","artifacts/manual-intake/sources/gree/Owner's Manual GMV X DC Inverter VRF Units.pdf","Heat Recovery and Grid Status","PDF 74; Heat Recovery and Grid Status; owner manual note says specific unit fault and maintenance require engineering debugging and after-sales maintenance manual.","medium","no","","gree/gmv-x/status","gree-gmv-x-vrf-status-codes","needs-manual-review","Owner manual provides an error/status table row, but this inventory stage has no GMV X service or after-sales maintenance manual evidence for runtime-ready troubleshooting text."
"X series","qP","QP","qP","Export region setting for PV VRF units","Черновая нормализация требуется: Export region setting for PV VRF units","status","gree-gmv-x-owner-manual","Owner's Manual GMV X DC Inverter VRF Units","artifacts/manual-intake/sources/gree/Owner's Manual GMV X DC Inverter VRF Units.pdf","Heat Recovery and Grid Status","PDF 74; Heat Recovery and Grid Status; owner manual note says specific unit fault and maintenance require engineering debugging and after-sales maintenance manual.","medium","no","","gree/gmv-x/status","gree-gmv-x-vrf-status-codes","needs-manual-review","Owner manual provides an error/status table row, but this inventory stage has no GMV X service or after-sales maintenance manual evidence for runtime-ready troubleshooting text."
"X series","qU","QU","qU","Grid voltage configuration","Черновая нормализация требуется: Grid voltage configuration","status","gree-gmv-x-owner-manual","Owner's Manual GMV X DC Inverter VRF Units","artifacts/manual-intake/sources/gree/Owner's Manual GMV X DC Inverter VRF Units.pdf","Heat Recovery and Grid Status","PDF 74; Heat Recovery and Grid Status; owner manual note says specific unit fault and maintenance require engineering debugging and after-sales maintenance manual.","medium","no","","gree/gmv-x/status","gree-gmv-x-vrf-status-codes","needs-manual-review","Owner manual provides an error/status table row, but this inventory stage has no GMV X service or after-sales maintenance manual evidence for runtime-ready troubleshooting text."
