code,canonicalCode,categoryCandidate,alreadyInAnyGreeRuntime,existingRuntimePath,overlapSeries,reason
d1,D1,indoor,yes,data/equipment-diagnostics/error-knowledge/gree/gmv-mini/indoor/d1.json;data/equipment-diagnostics/error-knowledge/gree/gmv6/indoor/d1.json,GMV6;GMV Mini,GMV X service manual GC202209-I confirms this code and category; separate GMV X runtime card created.
d2,D2,indoor,yes,data/equipment-diagnostics/error-knowledge/gree/gmv6/indoor/d2.json,GMV6,GMV X service manual GC202209-I confirms this code and category; separate GMV X runtime card created.
d3,D3,indoor,yes,data/equipment-diagnostics/error-knowledge/gree/gmv-mini/indoor/d3.json;data/equipment-diagnostics/error-knowledge/gree/gmv6/indoor/d3.json,GMV6;GMV Mini,GMV X service manual GC202209-I confirms this code and category; separate GMV X runtime card created.
d4,D4,indoor,yes,data/equipment-diagnostics/error-knowledge/gree/gmv-mini/indoor/d4.json;data/equipment-diagnostics/error-knowledge/gree/gmv6/indoor/d4.json,GMV6;GMV Mini,GMV X service manual GC202209-I confirms this code and category; separate GMV X runtime card created.
d5,D5,indoor,yes,data/equipment-diagnostics/error-knowledge/gree/gmv6/indoor/d5.json,GMV6,GMV X service manual GC202209-I confirms this code and category; separate GMV X runtime card created.
d6,D6,indoor,yes,data/equipment-diagnostics/error-knowledge/gree/gmv-mini/indoor/d6.json;data/equipment-diagnostics/error-knowledge/gree/gmv6/indoor/d6.json,GMV6;GMV Mini,GMV X service manual GC202209-I confirms this code and category; separate GMV X runtime card created.
d7,D7,indoor,yes,data/equipment-diagnostics/error-knowledge/gree/gmv-mini/indoor/d7.json;data/equipment-diagnostics/error-knowledge/gree/gmv6/indoor/d7.json,GMV6;GMV Mini,GMV X service manual GC202209-I confirms this code and category; separate GMV X runtime card created.
d8,D8,indoor,yes,data/equipment-diagnostics/error-knowledge/gree/gmv-mini/indoor/d8.json;data/equipment-diagnostics/error-knowledge/gree/gmv6/indoor/d8.json,GMV6;GMV Mini,GMV X service manual GC202209-I confirms this code and category; separate GMV X runtime card created.
d9,D9,indoor,yes,data/equipment-diagnostics/error-knowledge/gree/gmv-mini/indoor/d9.json;data/equipment-diagnostics/error-knowledge/gree/gmv6/indoor/d9.json,GMV6;GMV Mini,GMV X service manual GC202209-I confirms this code and category; separate GMV X runtime card created.
dA,DA,indoor,yes,data/equipment-diagnostics/error-knowledge/gree/gmv-mini/indoor/da.json;data/equipment-diagnostics/error-knowledge/gree/gmv6/indoor/da.json,GMV6;GMV Mini,GMV X service manual GC202209-I confirms this code and category; separate GMV X runtime card created.
db,DB,indoor,yes,data/equipment-diagnostics/error-knowledge/gree/gmv-mini/status/db.json;data/equipment-diagnostics/error-knowledge/gree/gmv6/indoor/db.json,GMV6;GMV Mini,GMV X service manual GC202209-I confirms this code and category; separate GMV X runtime card created.
dC,DC,indoor,yes,data/equipment-diagnostics/error-knowledge/gree/gmv-mini/indoor/dc.json;data/equipment-diagnostics/error-knowledge/gree/gmv6/indoor/dc.json,GMV6;GMV Mini,GMV X service manual GC202209-I confirms this code and category; separate GMV X runtime card created.
dd,DD,indoor,yes,data/equipment-diagnostics/error-knowledge/gree/gmv6/indoor/dd.json,GMV6,GMV X service manual GC202209-I confirms this code and category; separate GMV X runtime card created.
dE,DE,indoor,yes,data/equipment-diagnostics/error-knowledge/gree/gmv-mini/indoor/de.json;data/equipment-diagnostics/error-knowledge/gree/gmv6/indoor/de.json,GMV6;GMV Mini,GMV X service manual GC202209-I confirms this code and category; separate GMV X runtime card created.
dF,DF,indoor,yes,data/equipment-diagnostics/error-knowledge/gree/gmv6/indoor/df.json,GMV6,GMV X service manual GC202209-I confirms this code and category; separate GMV X runtime card created.
dH,DH,indoor,yes,data/equipment-diagnostics/error-knowledge/gree/gmv-mini/indoor/dh.json;data/equipment-diagnostics/error-knowledge/gree/gmv6/indoor/dh.json,GMV6;GMV Mini,GMV X service manual GC202209-I confirms this code and category; separate GMV X runtime card created.
dJ,DJ,indoor,yes,data/equipment-diagnostics/error-knowledge/gree/gmv6/indoor/dj.json,GMV6,GMV X service manual GC202209-I confirms this code and category; separate GMV X runtime card created.
dL,DL,indoor,yes,data/equipment-diagnostics/error-knowledge/gree/gmv-mini/indoor/dl.json;data/equipment-diagnostics/error-knowledge/gree/gmv6/indoor/dl.json,GMV6;GMV Mini,GMV X service manual GC202209-I confirms this code and category; separate GMV X runtime card created.
dn,DN,indoor,yes,data/equipment-diagnostics/error-knowledge/gree/gmv6/indoor/dn.json,GMV6,GMV X service manual GC202209-I confirms this code and category; separate GMV X runtime card created.
dP,DP,indoor,yes,data/equipment-diagnostics/error-knowledge/gree/gmv6/indoor/dp.json,GMV6,GMV X service manual GC202209-I confirms this code and category; separate GMV X runtime card created.
dU,DU,indoor,yes,data/equipment-diagnostics/error-knowledge/gree/gmv6/indoor/du.json,GMV6,GMV X service manual GC202209-I confirms this code and category; separate GMV X runtime card created.
dy,DY,indoor,yes,data/equipment-diagnostics/error-knowledge/gree/gmv6/indoor/dy.json,GMV6,GMV X service manual GC202209-I confirms this code and category; separate GMV X runtime card created.
L0,L0,indoor,yes,data/equipment-diagnostics/error-knowledge/gree/gmv-mini/indoor/l0.json;data/equipment-diagnostics/error-knowledge/gree/gmv6/indoor/l0.json,GMV6;GMV Mini,GMV X service manual GC202209-I confirms this code and category; separate GMV X runtime card created.
L1,L1,indoor,yes,data/equipment-diagnostics/error-knowledge/gree/gmv-mini/indoor/l1.json;data/equipment-diagnostics/error-knowledge/gree/gmv6/indoor/l1.json,GMV6;GMV Mini,GMV X service manual GC202209-I confirms this code and category; separate GMV X runtime card created.
L2,L2,indoor,yes,data/equipment-diagnostics/error-knowledge/gree/gmv-mini/indoor/l2.json;data/equipment-diagnostics/error-knowledge/gree/gmv6/indoor/l2.json,GMV6;GMV Mini,GMV X service manual GC202209-I confirms this code and category; separate GMV X runtime card created.
L3,L3,indoor,yes,data/equipment-diagnostics/error-knowledge/gree/gmv-mini/indoor/l3.json;data/equipment-diagnostics/error-knowledge/gree/gmv6/indoor/l3.json,GMV6;GMV Mini,GMV X service manual GC202209-I confirms this code and category; separate GMV X runtime card created.
L4,L4,indoor,yes,data/equipment-diagnostics/error-knowledge/gree/gmv-mini/indoor/l4.json;data/equipment-diagnostics/error-knowledge/gree/gmv6/indoor/l4.json,GMV6;GMV Mini,GMV X service manual GC202209-I confirms this code and category; separate GMV X runtime card created.
L5,L5,indoor,yes,data/equipment-diagnostics/error-knowledge/gree/gmv-mini/indoor/l5.json;data/equipment-diagnostics/error-knowledge/gree/gmv6/indoor/l5.json,GMV6;GMV Mini,GMV X service manual GC202209-I confirms this code and category; separate GMV X runtime card created.
L6,L6,indoor,yes,data/equipment-diagnostics/error-knowledge/gree/gmv-mini/indoor/l6.json;data/equipment-diagnostics/error-knowledge/gree/gmv6/indoor/l6.json,GMV6;GMV Mini,GMV X service manual GC202209-I confirms this code and category; separate GMV X runtime card created.
L7,L7,indoor,yes,data/equipment-diagnostics/error-knowledge/gree/gmv-mini/indoor/l7.json;data/equipment-diagnostics/error-knowledge/gree/gmv6/indoor/l7.json,GMV6;GMV Mini,GMV X service manual GC202209-I confirms this code and category; separate GMV X runtime card created.
L8,L8,indoor,yes,data/equipment-diagnostics/error-knowledge/gree/gmv-mini/indoor/l8.json;data/equipment-diagnostics/error-knowledge/gree/gmv6/indoor/l8.json,GMV6;GMV Mini,GMV X service manual GC202209-I confirms this code and category; separate GMV X runtime card created.
L9,L9,indoor,yes,data/equipment-diagnostics/error-knowledge/gree/gmv-mini/indoor/l9.json;data/equipment-diagnostics/error-knowledge/gree/gmv6/indoor/l9.json,GMV6;GMV Mini,GMV X service manual GC202209-I confirms this code and category; separate GMV X runtime card created.
LA,LA,indoor,yes,data/equipment-diagnostics/error-knowledge/gree/gmv-mini/indoor/la.json;data/equipment-diagnostics/error-knowledge/gree/gmv6/indoor/la.json,GMV6;GMV Mini,GMV X service manual GC202209-I confirms this code and category; separate GMV X runtime card created.
Lb,LB,indoor,yes,data/equipment-diagnostics/error-knowledge/gree/gmv6/indoor/lb.json,GMV6,GMV X service manual GC202209-I confirms this code and category; separate GMV X runtime card created.
LC,LC,indoor,yes,data/equipment-diagnostics/error-knowledge/gree/gmv-mini/indoor/lc.json;data/equipment-diagnostics/error-knowledge/gree/gmv6/indoor/lc.json,GMV6;GMV Mini,GMV X service manual GC202209-I confirms this code and category; separate GMV X runtime card created.
LE,LE,indoor,yes,data/equipment-diagnostics/error-knowledge/gree/gmv6/indoor/le.json,GMV6,GMV X service manual GC202209-I confirms this code and category; separate GMV X runtime card created.
LF,LF,indoor,yes,data/equipment-diagnostics/error-knowledge/gree/gmv6/indoor/lf.json,GMV6,GMV X service manual GC202209-I confirms this code and category; separate GMV X runtime card created.
LH,LH,indoor,yes,data/equipment-diagnostics/error-knowledge/gree/gmv-mini/indoor/lh.json;data/equipment-diagnostics/error-knowledge/gree/gmv6/indoor/lh.json,GMV6;GMV Mini,GMV X service manual GC202209-I confirms this code and category; separate GMV X runtime card created.
LJ,LJ,indoor,yes,data/equipment-diagnostics/error-knowledge/gree/gmv6/indoor/lj.json,GMV6,GMV X service manual GC202209-I confirms this code and category; separate GMV X runtime card created.
LL,LL,indoor,yes,data/equipment-diagnostics/error-knowledge/gree/gmv6/indoor/ll.json,GMV6,GMV X service manual GC202209-I confirms this code and category; separate GMV X runtime card created.
LP,LP,indoor,yes,data/equipment-diagnostics/error-knowledge/gree/gmv6/indoor/lp.json,GMV6,GMV X service manual GC202209-I confirms this code and category; separate GMV X runtime card created.
LU,LU,indoor,yes,data/equipment-diagnostics/error-knowledge/gree/gmv6/indoor/lu.json,GMV6,GMV X service manual GC202209-I confirms this code and category; separate GMV X runtime card created.
o0,O0,indoor,yes,data/equipment-diagnostics/error-knowledge/gree/gmv6/indoor/o0.json,GMV6,GMV X service manual GC202209-I confirms this code and category; separate GMV X runtime card created.
o1,O1,indoor,yes,data/equipment-diagnostics/error-knowledge/gree/gmv6/indoor/o1.json,GMV6,GMV X service manual GC202209-I confirms this code and category; separate GMV X runtime card created.
o2,O2,indoor,yes,data/equipment-diagnostics/error-knowledge/gree/gmv6/indoor/o2.json,GMV6,GMV X service manual GC202209-I confirms this code and category; separate GMV X runtime card created.
o3,O3,indoor,yes,data/equipment-diagnostics/error-knowledge/gree/gmv6/indoor/o3.json,GMV6,GMV X service manual GC202209-I confirms this code and category; separate GMV X runtime card created.
o4,O4,indoor,yes,data/equipment-diagnostics/error-knowledge/gree/gmv6/indoor/o4.json,GMV6,GMV X service manual GC202209-I confirms this code and category; separate GMV X runtime card created.
o5,O5,indoor,yes,data/equipment-diagnostics/error-knowledge/gree/gmv6/indoor/o5.json,GMV6,GMV X service manual GC202209-I confirms this code and category; separate GMV X runtime card created.
o6,O6,indoor,yes,data/equipment-diagnostics/error-knowledge/gree/gmv6/indoor/o6.json,GMV6,GMV X service manual GC202209-I confirms this code and category; separate GMV X runtime card created.
o7,O7,indoor,yes,data/equipment-diagnostics/error-knowledge/gree/gmv6/indoor/o7.json,GMV6,GMV X service manual GC202209-I confirms this code and category; separate GMV X runtime card created.
o8,O8,indoor,yes,data/equipment-diagnostics/error-knowledge/gree/gmv6/indoor/o8.json,GMV6,GMV X service manual GC202209-I confirms this code and category; separate GMV X runtime card created.
o9,O9,indoor,yes,data/equipment-diagnostics/error-knowledge/gree/gmv6/indoor/o9.json,GMV6,GMV X service manual GC202209-I confirms this code and category; separate GMV X runtime card created.
oA,OA,indoor,yes,data/equipment-diagnostics/error-knowledge/gree/gmv6/indoor/oa.json,GMV6,GMV X service manual GC202209-I confirms this code and category; separate GMV X runtime card created.
ob,OB,indoor,yes,data/equipment-diagnostics/error-knowledge/gree/gmv6/indoor/ob.json,GMV6,GMV X service manual GC202209-I confirms this code and category; separate GMV X runtime card created.
oC,OC,indoor,yes,data/equipment-diagnostics/error-knowledge/gree/gmv6/indoor/oc.json,GMV6,GMV X service manual GC202209-I confirms this code and category; separate GMV X runtime card created.
y1,Y1,indoor,yes,data/equipment-diagnostics/error-knowledge/gree/gmv6/indoor/y1.json,GMV6,GMV X service manual GC202209-I confirms this code and category; separate GMV X runtime card created.
y2,Y2,indoor,yes,data/equipment-diagnostics/error-knowledge/gree/gmv6/indoor/y2.json,GMV6,GMV X service manual GC202209-I confirms this code and category; separate GMV X runtime card created.
y7,Y7,indoor,yes,data/equipment-diagnostics/error-knowledge/gree/gmv6/indoor/y7.json,GMV6,GMV X service manual GC202209-I confirms this code and category; separate GMV X runtime card created.
y8,Y8,indoor,yes,data/equipment-diagnostics/error-knowledge/gree/gmv6/indoor/y8.json,GMV6,GMV X service manual GC202209-I confirms this code and category; separate GMV X runtime card created.
yA,YA,indoor,yes,data/equipment-diagnostics/error-knowledge/gree/gmv6/indoor/ya.json,GMV6,GMV X service manual GC202209-I confirms this code and category; separate GMV X runtime card created.
b1,B1,outdoor,yes,data/equipment-diagnostics/error-knowledge/gree/gmv-mini/outdoor/b1.json;data/equipment-diagnostics/error-knowledge/gree/gmv6/outdoor/b1.json,GMV6;GMV Mini,GMV X service manual GC202209-I confirms this code and category; separate GMV X runtime card created.
b2,B2,outdoor,yes,data/equipment-diagnostics/error-knowledge/gree/gmv-mini/outdoor/b2.json;data/equipment-diagnostics/error-knowledge/gree/gmv6/outdoor/b2.json,GMV6;GMV Mini,GMV X service manual GC202209-I confirms this code and category; separate GMV X runtime card created.
b3,B3,outdoor,yes,data/equipment-diagnostics/error-knowledge/gree/gmv-mini/outdoor/b3.json;data/equipment-diagnostics/error-knowledge/gree/gmv6/outdoor/b3.json,GMV6;GMV Mini,GMV X service manual GC202209-I confirms this code and category; separate GMV X runtime card created.
b4,B4,outdoor,yes,data/equipment-diagnostics/error-knowledge/gree/gmv-mini/outdoor/b4.json;data/equipment-diagnostics/error-knowledge/gree/gmv6/outdoor/b4.json,GMV6;GMV Mini,GMV X service manual GC202209-I confirms this code and category; separate GMV X runtime card created.
b5,B5,outdoor,yes,data/equipment-diagnostics/error-knowledge/gree/gmv-mini/outdoor/b5.json;data/equipment-diagnostics/error-knowledge/gree/gmv6/outdoor/b5.json,GMV6;GMV Mini,GMV X service manual GC202209-I confirms this code and category; separate GMV X runtime card created.
b6,B6,outdoor,yes,data/equipment-diagnostics/error-knowledge/gree/gmv-mini/outdoor/b6.json;data/equipment-diagnostics/error-knowledge/gree/gmv6/outdoor/b6.json,GMV6;GMV Mini,GMV X service manual GC202209-I confirms this code and category; separate GMV X runtime card created.
b7,B7,outdoor,yes,data/equipment-diagnostics/error-knowledge/gree/gmv-mini/outdoor/b7.json;data/equipment-diagnostics/error-knowledge/gree/gmv6/outdoor/b7.json,GMV6;GMV Mini,GMV X service manual GC202209-I confirms this code and category; separate GMV X runtime card created.
b8,B8,outdoor,yes,data/equipment-diagnostics/error-knowledge/gree/gmv6/outdoor/b8.json,GMV6,GMV X service manual GC202209-I confirms this code and category; separate GMV X runtime card created.
b9,B9,outdoor,yes,data/equipment-diagnostics/error-knowledge/gree/gmv-mini/outdoor/b9.json;data/equipment-diagnostics/error-knowledge/gree/gmv6/outdoor/b9.json,GMV6;GMV Mini,GMV X service manual GC202209-I confirms this code and category; separate GMV X runtime card created.
bA,BA,outdoor,yes,data/equipment-diagnostics/error-knowledge/gree/gmv6/outdoor/ba.json,GMV6,GMV X service manual GC202209-I confirms this code and category; separate GMV X runtime card created.
bb,BB,outdoor,yes,data/equipment-diagnostics/error-knowledge/gree/gmv6/outdoor/bb.json,GMV6,GMV X service manual GC202209-I confirms this code and category; separate GMV X runtime card created.
bd,BD,outdoor,yes,data/equipment-diagnostics/error-knowledge/gree/gmv6/outdoor/bd.json,GMV6,GMV X service manual GC202209-I confirms this code and category; separate GMV X runtime card created.
bE,BE,outdoor,yes,data/equipment-diagnostics/error-knowledge/gree/gmv6/outdoor/be.json,GMV6,GMV X service manual GC202209-I confirms this code and category; separate GMV X runtime card created.
bF,BF,outdoor,yes,data/equipment-diagnostics/error-knowledge/gree/gmv6/outdoor/bf.json,GMV6,GMV X service manual GC202209-I confirms this code and category; separate GMV X runtime card created.
bH,BH,outdoor,yes,data/equipment-diagnostics/error-knowledge/gree/gmv-mini/outdoor/bh.json;data/equipment-diagnostics/error-knowledge/gree/gmv6/outdoor/bh.json,GMV6;GMV Mini,GMV X service manual GC202209-I confirms this code and category; separate GMV X runtime card created.
bJ,BJ,outdoor,yes,data/equipment-diagnostics/error-knowledge/gree/gmv6/outdoor/bj.json,GMV6,GMV X service manual GC202209-I confirms this code and category; separate GMV X runtime card created.
bn,BN,outdoor,yes,data/equipment-diagnostics/error-knowledge/gree/gmv6/outdoor/bn.json,GMV6,GMV X service manual GC202209-I confirms this code and category; separate GMV X runtime card created.
bP,BP,outdoor,yes,data/equipment-diagnostics/error-knowledge/gree/gmv6/outdoor/bp.json,GMV6,GMV X service manual GC202209-I confirms this code and category; separate GMV X runtime card created.
bU,BU,outdoor,yes,data/equipment-diagnostics/error-knowledge/gree/gmv6/outdoor/bu.json,GMV6,GMV X service manual GC202209-I confirms this code and category; separate GMV X runtime card created.
E0,E0,outdoor,yes,data/equipment-diagnostics/error-knowledge/gree/gmv-mini/outdoor/e0.json;data/equipment-diagnostics/error-knowledge/gree/gmv6/outdoor/e0.json,GMV6;GMV Mini,GMV X service manual GC202209-I confirms this code and category; separate GMV X runtime card created.
E1,E1,outdoor,yes,data/equipment-diagnostics/error-knowledge/gree/gmv-mini/outdoor/e1.json;data/equipment-diagnostics/error-knowledge/gree/gmv6/outdoor/e1.json,GMV6;GMV Mini,GMV X service manual GC202209-I confirms this code and category; separate GMV X runtime card created.
E2,E2,outdoor,yes,data/equipment-diagnostics/error-knowledge/gree/gmv-mini/outdoor/e2.json;data/equipment-diagnostics/error-knowledge/gree/gmv6/outdoor/e2.json,GMV6;GMV Mini,GMV X service manual GC202209-I confirms this code and category; separate GMV X runtime card created.
E3,E3,outdoor,yes,data/equipment-diagnostics/error-knowledge/gree/gmv-mini/outdoor/e3.json;data/equipment-diagnostics/error-knowledge/gree/gmv6/outdoor/e3.json,GMV6;GMV Mini,GMV X service manual GC202209-I confirms this code and category; separate GMV X runtime card created.
E4,E4,outdoor,yes,data/equipment-diagnostics/error-knowledge/gree/gmv-mini/outdoor/e4.json;data/equipment-diagnostics/error-knowledge/gree/gmv6/outdoor/e4.json,GMV6;GMV Mini,GMV X service manual GC202209-I confirms this code and category; separate GMV X runtime card created.
Ed,ED,outdoor,yes,data/equipment-diagnostics/error-knowledge/gree/gmv-mini/outdoor/ed.json;data/equipment-diagnostics/error-knowledge/gree/gmv6/outdoor/ed.json,GMV6;GMV Mini,GMV X service manual GC202209-I confirms this code and category; separate GMV X runtime card created.
F0,F0,outdoor,yes,data/equipment-diagnostics/error-knowledge/gree/gmv-mini/outdoor/f0.json;data/equipment-diagnostics/error-knowledge/gree/gmv6/outdoor/f0.json,GMV6;GMV Mini,GMV X service manual GC202209-I confirms this code and category; separate GMV X runtime card created.
F1,F1,outdoor,yes,data/equipment-diagnostics/error-knowledge/gree/gmv-mini/outdoor/f1.json;data/equipment-diagnostics/error-knowledge/gree/gmv6/outdoor/f1.json,GMV6;GMV Mini,GMV X service manual GC202209-I confirms this code and category; separate GMV X runtime card created.
F3,F3,outdoor,yes,data/equipment-diagnostics/error-knowledge/gree/gmv-mini/outdoor/f3.json;data/equipment-diagnostics/error-knowledge/gree/gmv6/outdoor/f3.json,GMV6;GMV Mini,GMV X service manual GC202209-I confirms this code and category; separate GMV X runtime card created.
F5,F5,outdoor,yes,data/equipment-diagnostics/error-knowledge/gree/gmv-mini/outdoor/f5.json;data/equipment-diagnostics/error-knowledge/gree/gmv6/outdoor/f5.json,GMV6;GMV Mini,GMV X service manual GC202209-I confirms this code and category; separate GMV X runtime card created.
F6,F6,outdoor,yes,data/equipment-diagnostics/error-knowledge/gree/gmv6/outdoor/f6.json,GMV6,GMV X service manual GC202209-I confirms this code and category; separate GMV X runtime card created.
F7,F7,outdoor,yes,data/equipment-diagnostics/error-knowledge/gree/gmv6/outdoor/f7.json,GMV6,GMV X service manual GC202209-I confirms this code and category; separate GMV X runtime card created.
F8,F8,outdoor,yes,data/equipment-diagnostics/error-knowledge/gree/gmv6/outdoor/f8.json,GMV6,GMV X service manual GC202209-I confirms this code and category; separate GMV X runtime card created.
F9,F9,outdoor,yes,data/equipment-diagnostics/error-knowledge/gree/gmv6/outdoor/f9.json,GMV6,GMV X service manual GC202209-I confirms this code and category; separate GMV X runtime card created.
FA,FA,outdoor,yes,data/equipment-diagnostics/error-knowledge/gree/gmv6/outdoor/fa.json,GMV6,GMV X service manual GC202209-I confirms this code and category; separate GMV X runtime card created.
Fb,FB,outdoor,yes,data/equipment-diagnostics/error-knowledge/gree/gmv6/outdoor/fb.json,GMV6,GMV X service manual GC202209-I confirms this code and category; separate GMV X runtime card created.
FC,FC,outdoor,yes,data/equipment-diagnostics/error-knowledge/gree/gmv6/outdoor/fc.json,GMV6,GMV X service manual GC202209-I confirms this code and category; separate GMV X runtime card created.
Fd,FD,outdoor,yes,data/equipment-diagnostics/error-knowledge/gree/gmv6/outdoor/fd.json,GMV6,GMV X service manual GC202209-I confirms this code and category; separate GMV X runtime card created.
FE,FE,outdoor,yes,data/equipment-diagnostics/error-knowledge/gree/gmv6/outdoor/fe.json,GMV6,GMV X service manual GC202209-I confirms this code and category; separate GMV X runtime card created.
FF,FF,outdoor,yes,data/equipment-diagnostics/error-knowledge/gree/gmv6/outdoor/ff.json,GMV6,GMV X service manual GC202209-I confirms this code and category; separate GMV X runtime card created.
FH,FH,outdoor,yes,data/equipment-diagnostics/error-knowledge/gree/gmv6/outdoor/fh.json,GMV6,GMV X service manual GC202209-I confirms this code and category; separate GMV X runtime card created.
FJ,FJ,outdoor,yes,data/equipment-diagnostics/error-knowledge/gree/gmv6/outdoor/fj.json,GMV6,GMV X service manual GC202209-I confirms this code and category; separate GMV X runtime card created.
FL,FL,outdoor,yes,data/equipment-diagnostics/error-knowledge/gree/gmv6/outdoor/fl.json,GMV6,GMV X service manual GC202209-I confirms this code and category; separate GMV X runtime card created.
Fn,FN,outdoor,yes,data/equipment-diagnostics/error-knowledge/gree/gmv6/outdoor/fn.json,GMV6,GMV X service manual GC202209-I confirms this code and category; separate GMV X runtime card created.
FP,FP,outdoor,yes,data/equipment-diagnostics/error-knowledge/gree/gmv-mini/outdoor/fp.json;data/equipment-diagnostics/error-knowledge/gree/gmv6/outdoor/fp.json,GMV6;GMV Mini,GMV X service manual GC202209-I confirms this code and category; separate GMV X runtime card created.
FU,FU,outdoor,yes,data/equipment-diagnostics/error-knowledge/gree/gmv6/outdoor/fu.json,GMV6,GMV X service manual GC202209-I confirms this code and category; separate GMV X runtime card created.
G0,G0,outdoor,yes,data/equipment-diagnostics/error-knowledge/gree/gmv6/outdoor/g0.json,GMV6,GMV X service manual GC202209-I confirms this code and category; separate GMV X runtime card created.
G1,G1,outdoor,yes,data/equipment-diagnostics/error-knowledge/gree/gmv6/outdoor/g1.json,GMV6,GMV X service manual GC202209-I confirms this code and category; separate GMV X runtime card created.
G2,G2,outdoor,yes,data/equipment-diagnostics/error-knowledge/gree/gmv6/outdoor/g2.json,GMV6,GMV X service manual GC202209-I confirms this code and category; separate GMV X runtime card created.
G3,G3,outdoor,yes,data/equipment-diagnostics/error-knowledge/gree/gmv6/outdoor/g3.json,GMV6,GMV X service manual GC202209-I confirms this code and category; separate GMV X runtime card created.
G4,G4,outdoor,yes,data/equipment-diagnostics/error-knowledge/gree/gmv6/outdoor/g4.json,GMV6,GMV X service manual GC202209-I confirms this code and category; separate GMV X runtime card created.
G5,G5,outdoor,yes,data/equipment-diagnostics/error-knowledge/gree/gmv6/outdoor/g5.json,GMV6,GMV X service manual GC202209-I confirms this code and category; separate GMV X runtime card created.
G6,G6,outdoor,yes,data/equipment-diagnostics/error-knowledge/gree/gmv6/outdoor/g6.json,GMV6,GMV X service manual GC202209-I confirms this code and category; separate GMV X runtime card created.
G7,G7,outdoor,yes,data/equipment-diagnostics/error-knowledge/gree/gmv6/outdoor/g7.json,GMV6,GMV X service manual GC202209-I confirms this code and category; separate GMV X runtime card created.
G8,G8,outdoor,yes,data/equipment-diagnostics/error-knowledge/gree/gmv6/outdoor/g8.json,GMV6,GMV X service manual GC202209-I confirms this code and category; separate GMV X runtime card created.
G9,G9,outdoor,yes,data/equipment-diagnostics/error-knowledge/gree/gmv6/outdoor/g9.json,GMV6,GMV X service manual GC202209-I confirms this code and category; separate GMV X runtime card created.
GA,GA,outdoor,yes,data/equipment-diagnostics/error-knowledge/gree/gmv6/outdoor/ga.json,GMV6,GMV X service manual GC202209-I confirms this code and category; separate GMV X runtime card created.
Gb,GB,outdoor,yes,data/equipment-diagnostics/error-knowledge/gree/gmv6/outdoor/gb.json,GMV6,GMV X service manual GC202209-I confirms this code and category; separate GMV X runtime card created.
GC,GC,outdoor,yes,data/equipment-diagnostics/error-knowledge/gree/gmv6/outdoor/gc.json,GMV6,GMV X service manual GC202209-I confirms this code and category; separate GMV X runtime card created.
Gd,GD,outdoor,yes,data/equipment-diagnostics/error-knowledge/gree/gmv6/outdoor/gd.json,GMV6,GMV X service manual GC202209-I confirms this code and category; separate GMV X runtime card created.
GE,GE,outdoor,yes,data/equipment-diagnostics/error-knowledge/gree/gmv6/outdoor/ge.json,GMV6,GMV X service manual GC202209-I confirms this code and category; separate GMV X runtime card created.
GF,GF,outdoor,yes,data/equipment-diagnostics/error-knowledge/gree/gmv6/outdoor/gf.json,GMV6,GMV X service manual GC202209-I confirms this code and category; separate GMV X runtime card created.
GH,GH,outdoor,yes,data/equipment-diagnostics/error-knowledge/gree/gmv6/outdoor/gh.json,GMV6,GMV X service manual GC202209-I confirms this code and category; separate GMV X runtime card created.
GJ,GJ,outdoor,yes,data/equipment-diagnostics/error-knowledge/gree/gmv6/outdoor/gj.json,GMV6,GMV X service manual GC202209-I confirms this code and category; separate GMV X runtime card created.
GL,GL,outdoor,yes,data/equipment-diagnostics/error-knowledge/gree/gmv6/outdoor/gl.json,GMV6,GMV X service manual GC202209-I confirms this code and category; separate GMV X runtime card created.
Gn,GN,outdoor,yes,data/equipment-diagnostics/error-knowledge/gree/gmv6/outdoor/gn.json,GMV6,GMV X service manual GC202209-I confirms this code and category; separate GMV X runtime card created.
GP,GP,outdoor,yes,data/equipment-diagnostics/error-knowledge/gree/gmv6/outdoor/gp.json,GMV6,GMV X service manual GC202209-I confirms this code and category; separate GMV X runtime card created.
GU,GU,outdoor,yes,data/equipment-diagnostics/error-knowledge/gree/gmv6/outdoor/gu.json,GMV6,GMV X service manual GC202209-I confirms this code and category; separate GMV X runtime card created.
Gy,GY,outdoor,yes,data/equipment-diagnostics/error-knowledge/gree/gmv6/outdoor/gy.json,GMV6,GMV X service manual GC202209-I confirms this code and category; separate GMV X runtime card created.
H0,H0,outdoor,yes,data/equipment-diagnostics/error-knowledge/gree/gmv6/outdoor/h0.json,GMV6,GMV X service manual GC202209-I confirms this code and category; separate GMV X runtime card created.
H1,H1,outdoor,yes,data/equipment-diagnostics/error-knowledge/gree/gmv6/outdoor/h1.json,GMV6,GMV X service manual GC202209-I confirms this code and category; separate GMV X runtime card created.
H2,H2,outdoor,yes,data/equipment-diagnostics/error-knowledge/gree/gmv6/outdoor/h2.json,GMV6,GMV X service manual GC202209-I confirms this code and category; separate GMV X runtime card created.
H3,H3,outdoor,yes,data/equipment-diagnostics/error-knowledge/gree/gmv6/outdoor/h3.json,GMV6,GMV X service manual GC202209-I confirms this code and category; separate GMV X runtime card created.
H4,H4,outdoor,yes,data/equipment-diagnostics/error-knowledge/gree/gmv6/outdoor/h4.json,GMV6,GMV X service manual GC202209-I confirms this code and category; separate GMV X runtime card created.
H5,H5,outdoor,yes,data/equipment-diagnostics/error-knowledge/gree/gmv6/outdoor/h5.json,GMV6,GMV X service manual GC202209-I confirms this code and category; separate GMV X runtime card created.
H6,H6,outdoor,yes,data/equipment-diagnostics/error-knowledge/gree/gmv6/outdoor/h6.json,GMV6,GMV X service manual GC202209-I confirms this code and category; separate GMV X runtime card created.
H7,H7,outdoor,yes,data/equipment-diagnostics/error-knowledge/gree/gmv6/outdoor/h7.json,GMV6,GMV X service manual GC202209-I confirms this code and category; separate GMV X runtime card created.
H8,H8,outdoor,yes,data/equipment-diagnostics/error-knowledge/gree/gmv6/outdoor/h8.json,GMV6,GMV X service manual GC202209-I confirms this code and category; separate GMV X runtime card created.
H9,H9,outdoor,yes,data/equipment-diagnostics/error-knowledge/gree/gmv6/outdoor/h9.json,GMV6,GMV X service manual GC202209-I confirms this code and category; separate GMV X runtime card created.
HA,HA,outdoor,yes,data/equipment-diagnostics/error-knowledge/gree/gmv6/outdoor/ha.json,GMV6,GMV X service manual GC202209-I confirms this code and category; separate GMV X runtime card created.
HC,HC,outdoor,yes,data/equipment-diagnostics/error-knowledge/gree/gmv6/outdoor/hc.json,GMV6,GMV X service manual GC202209-I confirms this code and category; separate GMV X runtime card created.
HE,HE,outdoor,yes,data/equipment-diagnostics/error-knowledge/gree/gmv6/outdoor/he.json,GMV6,GMV X service manual GC202209-I confirms this code and category; separate GMV X runtime card created.
HF,HF,outdoor,yes,data/equipment-diagnostics/error-knowledge/gree/gmv6/outdoor/hf.json,GMV6,GMV X service manual GC202209-I confirms this code and category; separate GMV X runtime card created.
HH,HH,outdoor,yes,data/equipment-diagnostics/error-knowledge/gree/gmv6/outdoor/hh.json,GMV6,GMV X service manual GC202209-I confirms this code and category; separate GMV X runtime card created.
HJ,HJ,outdoor,yes,data/equipment-diagnostics/error-knowledge/gree/gmv6/outdoor/hj.json,GMV6,GMV X service manual GC202209-I confirms this code and category; separate GMV X runtime card created.
HL,HL,outdoor,yes,data/equipment-diagnostics/error-knowledge/gree/gmv6/outdoor/hl.json,GMV6,GMV X service manual GC202209-I confirms this code and category; separate GMV X runtime card created.
HP,HP,outdoor,yes,data/equipment-diagnostics/error-knowledge/gree/gmv6/outdoor/hp.json,GMV6,GMV X service manual GC202209-I confirms this code and category; separate GMV X runtime card created.
HU,HU,outdoor,yes,data/equipment-diagnostics/error-knowledge/gree/gmv6/outdoor/hu.json,GMV6,GMV X service manual GC202209-I confirms this code and category; separate GMV X runtime card created.
J0,J0,outdoor,yes,data/equipment-diagnostics/error-knowledge/gree/gmv-mini/outdoor/j0.json;data/equipment-diagnostics/error-knowledge/gree/gmv6/outdoor/j0.json,GMV6;GMV Mini,GMV X service manual GC202209-I confirms this code and category; separate GMV X runtime card created.
J1,J1,outdoor,yes,data/equipment-diagnostics/error-knowledge/gree/gmv-mini/outdoor/j1.json;data/equipment-diagnostics/error-knowledge/gree/gmv6/outdoor/j1.json,GMV6;GMV Mini,GMV X service manual GC202209-I confirms this code and category; separate GMV X runtime card created.
J2,J2,outdoor,yes,data/equipment-diagnostics/error-knowledge/gree/gmv6/outdoor/j2.json,GMV6,GMV X service manual GC202209-I confirms this code and category; separate GMV X runtime card created.
J3,J3,outdoor,yes,data/equipment-diagnostics/error-knowledge/gree/gmv6/outdoor/j3.json,GMV6,GMV X service manual GC202209-I confirms this code and category; separate GMV X runtime card created.
J4,J4,outdoor,yes,data/equipment-diagnostics/error-knowledge/gree/gmv6/outdoor/j4.json,GMV6,GMV X service manual GC202209-I confirms this code and category; separate GMV X runtime card created.
J5,J5,outdoor,yes,data/equipment-diagnostics/error-knowledge/gree/gmv6/outdoor/j5.json,GMV6,GMV X service manual GC202209-I confirms this code and category; separate GMV X runtime card created.
J6,J6,outdoor,yes,data/equipment-diagnostics/error-knowledge/gree/gmv6/outdoor/j6.json,GMV6,GMV X service manual GC202209-I confirms this code and category; separate GMV X runtime card created.
J7,J7,outdoor,yes,data/equipment-diagnostics/error-knowledge/gree/gmv-mini/outdoor/j7.json;data/equipment-diagnostics/error-knowledge/gree/gmv6/outdoor/j7.json,GMV6;GMV Mini,GMV X service manual GC202209-I confirms this code and category; separate GMV X runtime card created.
J8,J8,outdoor,yes,data/equipment-diagnostics/error-knowledge/gree/gmv-mini/outdoor/j8.json;data/equipment-diagnostics/error-knowledge/gree/gmv6/outdoor/j8.json,GMV6;GMV Mini,GMV X service manual GC202209-I confirms this code and category; separate GMV X runtime card created.
J9,J9,outdoor,yes,data/equipment-diagnostics/error-knowledge/gree/gmv-mini/outdoor/j9.json;data/equipment-diagnostics/error-knowledge/gree/gmv6/outdoor/j9.json,GMV6;GMV Mini,GMV X service manual GC202209-I confirms this code and category; separate GMV X runtime card created.
JA,JA,outdoor,yes,data/equipment-diagnostics/error-knowledge/gree/gmv6/outdoor/ja.json,GMV6,GMV X service manual GC202209-I confirms this code and category; separate GMV X runtime card created.
JC,JC,outdoor,yes,data/equipment-diagnostics/error-knowledge/gree/gmv6/outdoor/jc.json,GMV6,GMV X service manual GC202209-I confirms this code and category; separate GMV X runtime card created.
JE,JE,outdoor,yes,data/equipment-diagnostics/error-knowledge/gree/gmv6/outdoor/je.json,GMV6,GMV X service manual GC202209-I confirms this code and category; separate GMV X runtime card created.
JF,JF,outdoor,yes,data/equipment-diagnostics/error-knowledge/gree/gmv6/outdoor/jf.json,GMV6,GMV X service manual GC202209-I confirms this code and category; separate GMV X runtime card created.
JL,JL,outdoor,yes,data/equipment-diagnostics/error-knowledge/gree/gmv-mini/outdoor/jl.json;data/equipment-diagnostics/error-knowledge/gree/gmv6/outdoor/jl.json,GMV6;GMV Mini,GMV X service manual GC202209-I confirms this code and category; separate GMV X runtime card created.
P0,P0,outdoor,yes,data/equipment-diagnostics/error-knowledge/gree/gmv-mini/outdoor/p0.json;data/equipment-diagnostics/error-knowledge/gree/gmv6/outdoor/p0.json,GMV6;GMV Mini,GMV X service manual GC202209-I confirms this code and category; separate GMV X runtime card created.
P1,P1,outdoor,yes,data/equipment-diagnostics/error-knowledge/gree/gmv-mini/outdoor/p1.json;data/equipment-diagnostics/error-knowledge/gree/gmv6/outdoor/p1.json,GMV6;GMV Mini,GMV X service manual GC202209-I confirms this code and category; separate GMV X runtime card created.
P2,P2,outdoor,yes,data/equipment-diagnostics/error-knowledge/gree/gmv-mini/outdoor/p2.json;data/equipment-diagnostics/error-knowledge/gree/gmv6/outdoor/p2.json,GMV6;GMV Mini,GMV X service manual GC202209-I confirms this code and category; separate GMV X runtime card created.
P3,P3,outdoor,yes,data/equipment-diagnostics/error-knowledge/gree/gmv-mini/outdoor/p3.json;data/equipment-diagnostics/error-knowledge/gree/gmv6/outdoor/p3.json,GMV6;GMV Mini,GMV X service manual GC202209-I confirms this code and category; separate GMV X runtime card created.
P4,P4,outdoor,yes,data/equipment-diagnostics/error-knowledge/gree/gmv-mini/outdoor/p4.json;data/equipment-diagnostics/error-knowledge/gree/gmv6/outdoor/p4.json,GMV6;GMV Mini,GMV X service manual GC202209-I confirms this code and category; separate GMV X runtime card created.
P5,P5,outdoor,yes,data/equipment-diagnostics/error-knowledge/gree/gmv-mini/outdoor/p5.json;data/equipment-diagnostics/error-knowledge/gree/gmv6/outdoor/p5.json,GMV6;GMV Mini,GMV X service manual GC202209-I confirms this code and category; separate GMV X runtime card created.
P6,P6,outdoor,yes,data/equipment-diagnostics/error-knowledge/gree/gmv-mini/outdoor/p6.json;data/equipment-diagnostics/error-knowledge/gree/gmv6/outdoor/p6.json,GMV6;GMV Mini,GMV X service manual GC202209-I confirms this code and category; separate GMV X runtime card created.
P7,P7,outdoor,yes,data/equipment-diagnostics/error-knowledge/gree/gmv-mini/outdoor/p7.json;data/equipment-diagnostics/error-knowledge/gree/gmv6/outdoor/p7.json,GMV6;GMV Mini,GMV X service manual GC202209-I confirms this code and category; separate GMV X runtime card created.
P8,P8,outdoor,yes,data/equipment-diagnostics/error-knowledge/gree/gmv-mini/outdoor/p8.json;data/equipment-diagnostics/error-knowledge/gree/gmv6/outdoor/p8.json,GMV6;GMV Mini,GMV X service manual GC202209-I confirms this code and category; separate GMV X runtime card created.
P9,P9,outdoor,yes,data/equipment-diagnostics/error-knowledge/gree/gmv-mini/outdoor/p9.json;data/equipment-diagnostics/error-knowledge/gree/gmv6/outdoor/p9.json,GMV6;GMV Mini,GMV X service manual GC202209-I confirms this code and category; separate GMV X runtime card created.
PA,PA,outdoor,yes,data/equipment-diagnostics/error-knowledge/gree/gmv6/outdoor/pa.json,GMV6,GMV X service manual GC202209-I confirms this code and category; separate GMV X runtime card created.
PC,PC,outdoor,yes,data/equipment-diagnostics/error-knowledge/gree/gmv-mini/outdoor/pc.json;data/equipment-diagnostics/error-knowledge/gree/gmv6/outdoor/pc.json,GMV6;GMV Mini,GMV X service manual GC202209-I confirms this code and category; separate GMV X runtime card created.
PE,PE,outdoor,yes,data/equipment-diagnostics/error-knowledge/gree/gmv-mini/outdoor/pe.json;data/equipment-diagnostics/error-knowledge/gree/gmv6/outdoor/pe.json,GMV6;GMV Mini,GMV X service manual GC202209-I confirms this code and category; separate GMV X runtime card created.
PF,PF,outdoor,yes,data/equipment-diagnostics/error-knowledge/gree/gmv-mini/outdoor/pf.json;data/equipment-diagnostics/error-knowledge/gree/gmv6/outdoor/pf.json,GMV6;GMV Mini,GMV X service manual GC202209-I confirms this code and category; separate GMV X runtime card created.
PH,PH,outdoor,yes,data/equipment-diagnostics/error-knowledge/gree/gmv-mini/outdoor/ph.json;data/equipment-diagnostics/error-knowledge/gree/gmv6/outdoor/ph.json,GMV6;GMV Mini,GMV X service manual GC202209-I confirms this code and category; separate GMV X runtime card created.
PJ,PJ,outdoor,yes,data/equipment-diagnostics/error-knowledge/gree/gmv-mini/outdoor/pj.json;data/equipment-diagnostics/error-knowledge/gree/gmv6/outdoor/pj.json,GMV6;GMV Mini,GMV X service manual GC202209-I confirms this code and category; separate GMV X runtime card created.
PL,PL,outdoor,yes,data/equipment-diagnostics/error-knowledge/gree/gmv-mini/outdoor/pl.json;data/equipment-diagnostics/error-knowledge/gree/gmv6/outdoor/pl.json,GMV6;GMV Mini,GMV X service manual GC202209-I confirms this code and category; separate GMV X runtime card created.
PP,PP,outdoor,yes,data/equipment-diagnostics/error-knowledge/gree/gmv-mini/outdoor/pp.json;data/equipment-diagnostics/error-knowledge/gree/gmv6/outdoor/pp.json,GMV6;GMV Mini,GMV X service manual GC202209-I confirms this code and category; separate GMV X runtime card created.
PU,PU,outdoor,yes,data/equipment-diagnostics/error-knowledge/gree/gmv6/outdoor/pu.json,GMV6,GMV X service manual GC202209-I confirms this code and category; separate GMV X runtime card created.
C0,C0,debugging,yes,data/equipment-diagnostics/error-knowledge/gree/gmv-mini/indoor/c0.json;data/equipment-diagnostics/error-knowledge/gree/gmv6/debugging/c0.json,GMV6;GMV Mini,GMV X service manual GC202209-I confirms this code and category; separate GMV X runtime card created.
C1,C1,debugging,yes,data/equipment-diagnostics/error-knowledge/gree/gmv6/debugging/c1.json,GMV6,GMV X service manual GC202209-I confirms this code and category; separate GMV X runtime card created.
C2,C2,debugging,yes,data/equipment-diagnostics/error-knowledge/gree/gmv-mini/outdoor/c2.json;data/equipment-diagnostics/error-knowledge/gree/gmv6/debugging/c2.json,GMV6;GMV Mini,GMV X service manual GC202209-I confirms this code and category; separate GMV X runtime card created.
C3,C3,debugging,yes,data/equipment-diagnostics/error-knowledge/gree/gmv-mini/outdoor/c3.json;data/equipment-diagnostics/error-knowledge/gree/gmv6/debugging/c3.json,GMV6;GMV Mini,GMV X service manual GC202209-I confirms this code and category; separate GMV X runtime card created.
C4,C4,debugging,yes,data/equipment-diagnostics/error-knowledge/gree/gmv-mini/outdoor/c4.json;data/equipment-diagnostics/error-knowledge/gree/gmv6/debugging/c4.json,GMV6;GMV Mini,GMV X service manual GC202209-I confirms this code and category; separate GMV X runtime card created.
C5,C5,debugging,yes,data/equipment-diagnostics/error-knowledge/gree/gmv-mini/outdoor/c5.json;data/equipment-diagnostics/error-knowledge/gree/gmv6/debugging/c5.json,GMV6;GMV Mini,GMV X service manual GC202209-I confirms this code and category; separate GMV X runtime card created.
C6,C6,debugging,yes,data/equipment-diagnostics/error-knowledge/gree/gmv-mini/outdoor/c6.json;data/equipment-diagnostics/error-knowledge/gree/gmv6/debugging/c6.json,GMV6;GMV Mini,GMV X service manual GC202209-I confirms this code and category; separate GMV X runtime card created.
C7,C7,debugging,yes,data/equipment-diagnostics/error-knowledge/gree/gmv6/debugging/c7.json,GMV6,GMV X service manual GC202209-I confirms this code and category; separate GMV X runtime card created.
C8,C8,debugging,yes,data/equipment-diagnostics/error-knowledge/gree/gmv-mini/status/c8.json;data/equipment-diagnostics/error-knowledge/gree/gmv6/debugging/c8.json,GMV6;GMV Mini,GMV X service manual GC202209-I confirms this code and category; separate GMV X runtime card created.
C9,C9,debugging,yes,data/equipment-diagnostics/error-knowledge/gree/gmv-mini/status/c9.json;data/equipment-diagnostics/error-knowledge/gree/gmv6/debugging/c9.json,GMV6;GMV Mini,GMV X service manual GC202209-I confirms this code and category; separate GMV X runtime card created.
CA,CA,debugging,yes,data/equipment-diagnostics/error-knowledge/gree/gmv-mini/status/ca.json;data/equipment-diagnostics/error-knowledge/gree/gmv6/debugging/ca.json,GMV6;GMV Mini,GMV X service manual GC202209-I confirms this code and category; separate GMV X runtime card created.
Cb,CB,debugging,yes,data/equipment-diagnostics/error-knowledge/gree/gmv-mini/outdoor/cb.json;data/equipment-diagnostics/error-knowledge/gree/gmv6/debugging/cb.json,GMV6;GMV Mini,GMV X service manual GC202209-I confirms this code and category; separate GMV X runtime card created.
CC,CC,debugging,yes,data/equipment-diagnostics/error-knowledge/gree/gmv-mini/status/cc.json;data/equipment-diagnostics/error-knowledge/gree/gmv6/debugging/cc.json,GMV6;GMV Mini,GMV X service manual GC202209-I confirms this code and category; separate GMV X runtime card created.
Cd,CD,debugging,yes,data/equipment-diagnostics/error-knowledge/gree/gmv6/debugging/cd.json,GMV6,GMV X service manual GC202209-I confirms this code and category; separate GMV X runtime card created.
CE,CE,debugging,yes,data/equipment-diagnostics/error-knowledge/gree/gmv6/debugging/ce.json,GMV6,GMV X service manual GC202209-I confirms this code and category; separate GMV X runtime card created.
CF,CF,debugging,yes,data/equipment-diagnostics/error-knowledge/gree/gmv-mini/outdoor/cf.json;data/equipment-diagnostics/error-knowledge/gree/gmv6/debugging/cf.json,GMV6;GMV Mini,GMV X service manual GC202209-I confirms this code and category; separate GMV X runtime card created.
CH,CH,debugging,yes,data/equipment-diagnostics/error-knowledge/gree/gmv-mini/status/ch.json;data/equipment-diagnostics/error-knowledge/gree/gmv6/debugging/ch.json,GMV6;GMV Mini,GMV X service manual GC202209-I confirms this code and category; separate GMV X runtime card created.
CJ,CJ,debugging,yes,data/equipment-diagnostics/error-knowledge/gree/gmv-mini/outdoor/cj.json;data/equipment-diagnostics/error-knowledge/gree/gmv6/debugging/cj.json,GMV6;GMV Mini,GMV X service manual GC202209-I confirms this code and category; separate GMV X runtime card created.
CL,CL,debugging,yes,data/equipment-diagnostics/error-knowledge/gree/gmv-mini/status/cl.json;data/equipment-diagnostics/error-knowledge/gree/gmv6/debugging/cl.json,GMV6;GMV Mini,GMV X service manual GC202209-I confirms this code and category; separate GMV X runtime card created.
Cn,CN,debugging,yes,data/equipment-diagnostics/error-knowledge/gree/gmv6/debugging/cn.json,GMV6,GMV X service manual GC202209-I confirms this code and category; separate GMV X runtime card created.
CP,CP,debugging,yes,data/equipment-diagnostics/error-knowledge/gree/gmv6/debugging/cp.json,GMV6,GMV X service manual GC202209-I confirms this code and category; separate GMV X runtime card created.
CU,CU,debugging,yes,data/equipment-diagnostics/error-knowledge/gree/gmv-mini/outdoor/cu.json;data/equipment-diagnostics/error-knowledge/gree/gmv6/debugging/cu.json,GMV6;GMV Mini,GMV X service manual GC202209-I confirms this code and category; separate GMV X runtime card created.
Cy,CY,debugging,yes,data/equipment-diagnostics/error-knowledge/gree/gmv6/debugging/cy.json,GMV6,GMV X service manual GC202209-I confirms this code and category; separate GMV X runtime card created.
U0,U0,debugging,yes,data/equipment-diagnostics/error-knowledge/gree/gmv-mini/outdoor/u0.json;data/equipment-diagnostics/error-knowledge/gree/gmv6/debugging/u0.json,GMV6;GMV Mini,GMV X service manual GC202209-I confirms this code and category; separate GMV X runtime card created.
U2,U2,debugging,yes,data/equipment-diagnostics/error-knowledge/gree/gmv-mini/outdoor/u2.json;data/equipment-diagnostics/error-knowledge/gree/gmv6/debugging/u2.json,GMV6;GMV Mini,GMV X service manual GC202209-I confirms this code and category; separate GMV X runtime card created.
U3,U3,debugging,yes,data/equipment-diagnostics/error-knowledge/gree/gmv6/debugging/u3.json,GMV6,GMV X service manual GC202209-I confirms this code and category; separate GMV X runtime card created.
U4,U4,debugging,yes,data/equipment-diagnostics/error-knowledge/gree/gmv-mini/outdoor/u4.json;data/equipment-diagnostics/error-knowledge/gree/gmv6/debugging/u4.json,GMV6;GMV Mini,GMV X service manual GC202209-I confirms this code and category; separate GMV X runtime card created.
U5,U5,debugging,yes,data/equipment-diagnostics/error-knowledge/gree/gmv-mini/outdoor/u5.json;data/equipment-diagnostics/error-knowledge/gree/gmv6/debugging/u5.json,GMV6;GMV Mini,GMV X service manual GC202209-I confirms this code and category; separate GMV X runtime card created.
U6,U6,debugging,yes,data/equipment-diagnostics/error-knowledge/gree/gmv-mini/outdoor/u6.json;data/equipment-diagnostics/error-knowledge/gree/gmv6/debugging/u6.json,GMV6;GMV Mini,GMV X service manual GC202209-I confirms this code and category; separate GMV X runtime card created.
U8,U8,debugging,yes,data/equipment-diagnostics/error-knowledge/gree/gmv-mini/outdoor/u8.json;data/equipment-diagnostics/error-knowledge/gree/gmv6/debugging/u8.json,GMV6;GMV Mini,GMV X service manual GC202209-I confirms this code and category; separate GMV X runtime card created.
U9,U9,debugging,yes,data/equipment-diagnostics/error-knowledge/gree/gmv-mini/outdoor/u9.json;data/equipment-diagnostics/error-knowledge/gree/gmv6/debugging/u9.json,GMV6;GMV Mini,GMV X service manual GC202209-I confirms this code and category; separate GMV X runtime card created.
UC,UC,debugging,yes,data/equipment-diagnostics/error-knowledge/gree/gmv-mini/status/uc.json;data/equipment-diagnostics/error-knowledge/gree/gmv6/debugging/uc.json,GMV6;GMV Mini,GMV X service manual GC202209-I confirms this code and category; separate GMV X runtime card created.
Ud,UD,debugging,yes,data/equipment-diagnostics/error-knowledge/gree/gmv6/debugging/ud.json,GMV6,GMV X service manual GC202209-I confirms this code and category; separate GMV X runtime card created.
UE,UE,debugging,yes,data/equipment-diagnostics/error-knowledge/gree/gmv-mini/outdoor/ue.json;data/equipment-diagnostics/error-knowledge/gree/gmv6/debugging/ue.json,GMV6;GMV Mini,GMV X service manual GC202209-I confirms this code and category; separate GMV X runtime card created.
UF,UF,debugging,yes,data/equipment-diagnostics/error-knowledge/gree/gmv6/debugging/uf.json,GMV6,GMV X service manual GC202209-I confirms this code and category; separate GMV X runtime card created.
UL,UL,debugging,yes,data/equipment-diagnostics/error-knowledge/gree/gmv-mini/outdoor/ul.json;data/equipment-diagnostics/error-knowledge/gree/gmv6/debugging/ul.json,GMV6;GMV Mini,GMV X service manual GC202209-I confirms this code and category; separate GMV X runtime card created.
Un,UN,debugging,yes,data/equipment-diagnostics/error-knowledge/gree/gmv6/debugging/un.json,GMV6,GMV X service manual GC202209-I confirms this code and category; separate GMV X runtime card created.
Uy,UY,debugging,yes,data/equipment-diagnostics/error-knowledge/gree/gmv6/debugging/uy.json,GMV6,GMV X service manual GC202209-I confirms this code and category; separate GMV X runtime card created.
A0,A0,status,yes,data/equipment-diagnostics/error-knowledge/gree/gmv-mini/status/a0.json;data/equipment-diagnostics/error-knowledge/gree/gmv6/status/a0.json,GMV6;GMV Mini,GMV X service manual GC202209-I confirms this code and category; separate GMV X runtime card created.
A2,A2,status,yes,data/equipment-diagnostics/error-knowledge/gree/gmv-mini/status/a2.json;data/equipment-diagnostics/error-knowledge/gree/gmv6/status/a2.json,GMV6;GMV Mini,GMV X service manual GC202209-I confirms this code and category; separate GMV X runtime card created.
A3,A3,status,yes,data/equipment-diagnostics/error-knowledge/gree/gmv-mini/status/a3.json;data/equipment-diagnostics/error-knowledge/gree/gmv6/status/a3.json,GMV6;GMV Mini,GMV X service manual GC202209-I confirms this code and category; separate GMV X runtime card created.
A4,A4,status,yes,data/equipment-diagnostics/error-knowledge/gree/gmv-mini/status/a4.json;data/equipment-diagnostics/error-knowledge/gree/gmv6/status/a4.json,GMV6;GMV Mini,GMV X service manual GC202209-I confirms this code and category; separate GMV X runtime card created.
A6,A6,status,yes,data/equipment-diagnostics/error-knowledge/gree/gmv-mini/status/a6.json;data/equipment-diagnostics/error-knowledge/gree/gmv6/status/a6.json,GMV6;GMV Mini,GMV X service manual GC202209-I confirms this code and category; separate GMV X runtime card created.
A7,A7,status,yes,data/equipment-diagnostics/error-knowledge/gree/gmv-mini/status/a7.json;data/equipment-diagnostics/error-knowledge/gree/gmv6/status/a7.json,GMV6;GMV Mini,GMV X service manual GC202209-I confirms this code and category; separate GMV X runtime card created.
A8,A8,status,yes,data/equipment-diagnostics/error-knowledge/gree/gmv-mini/status/a8.json;data/equipment-diagnostics/error-knowledge/gree/gmv6/status/a8.json,GMV6;GMV Mini,GMV X service manual GC202209-I confirms this code and category; separate GMV X runtime card created.
A9,A9,status,yes,data/equipment-diagnostics/error-knowledge/gree/gmv-mini/status/a9.json;data/equipment-diagnostics/error-knowledge/gree/gmv6/status/a9.json,GMV6;GMV Mini,GMV X service manual GC202209-I confirms this code and category; separate GMV X runtime card created.
Ab,AB,status,yes,data/equipment-diagnostics/error-knowledge/gree/gmv-mini/status/ab.json;data/equipment-diagnostics/error-knowledge/gree/gmv6/status/ab.json,GMV6;GMV Mini,GMV X service manual GC202209-I confirms this code and category; separate GMV X runtime card created.
AC,AC,status,yes,data/equipment-diagnostics/error-knowledge/gree/gmv6/status/ac.json,GMV6,GMV X service manual GC202209-I confirms this code and category; separate GMV X runtime card created.
Ad,AD,status,yes,data/equipment-diagnostics/error-knowledge/gree/gmv-mini/status/ad.json;data/equipment-diagnostics/error-knowledge/gree/gmv6/status/ad.json,GMV6;GMV Mini,GMV X service manual GC202209-I confirms this code and category; separate GMV X runtime card created.
AE,AE,status,yes,data/equipment-diagnostics/error-knowledge/gree/gmv-mini/status/ae.json;data/equipment-diagnostics/error-knowledge/gree/gmv6/status/ae.json,GMV6;GMV Mini,GMV X service manual GC202209-I confirms this code and category; separate GMV X runtime card created.
AF,AF,status,yes,data/equipment-diagnostics/error-knowledge/gree/gmv-mini/status/af.json;data/equipment-diagnostics/error-knowledge/gree/gmv6/status/af.json,GMV6;GMV Mini,GMV X service manual GC202209-I confirms this code and category; separate GMV X runtime card created.
AH,AH,status,yes,data/equipment-diagnostics/error-knowledge/gree/gmv-mini/status/ah.json;data/equipment-diagnostics/error-knowledge/gree/gmv6/status/ah.json,GMV6;GMV Mini,GMV X service manual GC202209-I confirms this code and category; separate GMV X runtime card created.
AJ,AJ,status,yes,data/equipment-diagnostics/error-knowledge/gree/gmv-mini/indoor/aj.json;data/equipment-diagnostics/error-knowledge/gree/gmv6/status/aj.json,GMV6;GMV Mini,GMV X service manual GC202209-I confirms this code and category; separate GMV X runtime card created.
AL,AL,status,yes,data/equipment-diagnostics/error-knowledge/gree/gmv-mini/status/al.json;data/equipment-diagnostics/error-knowledge/gree/gmv6/status/al.json,GMV6;GMV Mini,GMV X service manual GC202209-I confirms this code and category; separate GMV X runtime card created.
An,AN,status,yes,data/equipment-diagnostics/error-knowledge/gree/gmv6/status/an.json,GMV6,GMV X service manual GC202209-I confirms this code and category; separate GMV X runtime card created.
AP,AP,status,yes,data/equipment-diagnostics/error-knowledge/gree/gmv-mini/status/ap.json;data/equipment-diagnostics/error-knowledge/gree/gmv6/status/ap.json,GMV6;GMV Mini,GMV X service manual GC202209-I confirms this code and category; separate GMV X runtime card created.
AU,AU,status,yes,data/equipment-diagnostics/error-knowledge/gree/gmv-mini/status/au.json;data/equipment-diagnostics/error-knowledge/gree/gmv6/status/au.json,GMV6;GMV Mini,GMV X service manual GC202209-I confirms this code and category; separate GMV X runtime card created.
Ay,AY,status,yes,data/equipment-diagnostics/error-knowledge/gree/gmv6/status/ay.json,GMV6,GMV X service manual GC202209-I confirms this code and category; separate GMV X runtime card created.
n0,N0,status,yes,data/equipment-diagnostics/error-knowledge/gree/gmv-mini/status/n0.json;data/equipment-diagnostics/error-knowledge/gree/gmv6/status/n0.json,GMV6;GMV Mini,GMV X service manual GC202209-I confirms this code and category; separate GMV X runtime card created.
n1,N1,status,yes,data/equipment-diagnostics/error-knowledge/gree/gmv-mini/status/n1.json;data/equipment-diagnostics/error-knowledge/gree/gmv6/status/n1.json,GMV6;GMV Mini,GMV X service manual GC202209-I confirms this code and category; separate GMV X runtime card created.
n2,N2,status,yes,data/equipment-diagnostics/error-knowledge/gree/gmv-mini/status/n2.json;data/equipment-diagnostics/error-knowledge/gree/gmv6/status/n2.json,GMV6;GMV Mini,GMV X service manual GC202209-I confirms this code and category; separate GMV X runtime card created.
n3,N3,status,yes,data/equipment-diagnostics/error-knowledge/gree/gmv6/status/n3.json,GMV6,GMV X service manual GC202209-I confirms this code and category; separate GMV X runtime card created.
n4,N4,status,yes,data/equipment-diagnostics/error-knowledge/gree/gmv-mini/status/n4.json;data/equipment-diagnostics/error-knowledge/gree/gmv6/status/n4.json,GMV6;GMV Mini,GMV X service manual GC202209-I confirms this code and category; separate GMV X runtime card created.
n5,N5,status,yes,data/equipment-diagnostics/error-knowledge/gree/gmv6/status/n5.json,GMV6,GMV X service manual GC202209-I confirms this code and category; separate GMV X runtime card created.
n6,N6,status,yes,data/equipment-diagnostics/error-knowledge/gree/gmv-mini/status/n6.json;data/equipment-diagnostics/error-knowledge/gree/gmv6/status/n6.json,GMV6;GMV Mini,GMV X service manual GC202209-I confirms this code and category; separate GMV X runtime card created.
n7,N7,status,yes,data/equipment-diagnostics/error-knowledge/gree/gmv-mini/status/n7.json;data/equipment-diagnostics/error-knowledge/gree/gmv6/status/n7.json,GMV6;GMV Mini,GMV X service manual GC202209-I confirms this code and category; separate GMV X runtime card created.
n8,N8,status,yes,data/equipment-diagnostics/error-knowledge/gree/gmv-mini/status/n8.json;data/equipment-diagnostics/error-knowledge/gree/gmv6/status/n8.json,GMV6;GMV Mini,GMV X service manual GC202209-I confirms this code and category; separate GMV X runtime card created.
n9,N9,status,yes,data/equipment-diagnostics/error-knowledge/gree/gmv6/status/n9.json,GMV6,GMV X service manual GC202209-I confirms this code and category; separate GMV X runtime card created.
nA,NA,status,yes,data/equipment-diagnostics/error-knowledge/gree/gmv-mini/status/na.json;data/equipment-diagnostics/error-knowledge/gree/gmv6/status/na.json,GMV6;GMV Mini,GMV X service manual GC202209-I confirms this code and category; separate GMV X runtime card created.
nb,NB,status,yes,data/equipment-diagnostics/error-knowledge/gree/gmv6/status/nb.json,GMV6,GMV X service manual GC202209-I confirms this code and category; separate GMV X runtime card created.
nC,NC,status,yes,data/equipment-diagnostics/error-knowledge/gree/gmv-mini/status/nc.json;data/equipment-diagnostics/error-knowledge/gree/gmv6/status/nc.json,GMV6;GMV Mini,GMV X service manual GC202209-I confirms this code and category; separate GMV X runtime card created.
nE,NE,status,yes,data/equipment-diagnostics/error-knowledge/gree/gmv-mini/status/ne.json;data/equipment-diagnostics/error-knowledge/gree/gmv6/status/ne.json,GMV6;GMV Mini,GMV X service manual GC202209-I confirms this code and category; separate GMV X runtime card created.
nF,NF,status,yes,data/equipment-diagnostics/error-knowledge/gree/gmv-mini/status/nf.json;data/equipment-diagnostics/error-knowledge/gree/gmv6/status/nf.json,GMV6;GMV Mini,GMV X service manual GC202209-I confirms this code and category; separate GMV X runtime card created.
nH,NH,status,yes,data/equipment-diagnostics/error-knowledge/gree/gmv-mini/status/nh.json;data/equipment-diagnostics/error-knowledge/gree/gmv6/status/nh.json,GMV6;GMV Mini,GMV X service manual GC202209-I confirms this code and category; separate GMV X runtime card created.
nJ,NJ,status,yes,data/equipment-diagnostics/error-knowledge/gree/gmv6/status/nj.json,GMV6,GMV X service manual GC202209-I confirms this code and category; separate GMV X runtime card created.
nn,NN,status,yes,data/equipment-diagnostics/error-knowledge/gree/gmv6/status/nn.json,GMV6,GMV X service manual GC202209-I confirms this code and category; separate GMV X runtime card created.
nU,NU,status,yes,data/equipment-diagnostics/error-knowledge/gree/gmv6/status/nu.json,GMV6,GMV X service manual GC202209-I confirms this code and category; separate GMV X runtime card created.
qA,QA,status,yes,data/equipment-diagnostics/error-knowledge/gree/gmv6/status/qa.json,GMV6,GMV X service manual GC202209-I confirms this code and category; separate GMV X runtime card created.
qC,QC,status,yes,data/equipment-diagnostics/error-knowledge/gree/gmv6/status/qc.json,GMV6,GMV X service manual GC202209-I confirms this code and category; separate GMV X runtime card created.
qH,QH,status,yes,data/equipment-diagnostics/error-knowledge/gree/gmv6/status/qh.json,GMV6,GMV X service manual GC202209-I confirms this code and category; separate GMV X runtime card created.
qP,QP,status,yes,data/equipment-diagnostics/error-knowledge/gree/gmv6/status/qp.json,GMV6,GMV X service manual GC202209-I confirms this code and category; separate GMV X runtime card created.
qU,QU,status,yes,data/equipment-diagnostics/error-knowledge/gree/gmv6/status/qu.json,GMV6,GMV X service manual GC202209-I confirms this code and category; separate GMV X runtime card created.
