code,canonicalCode,displayCode,sectionNumber,sectionTitle,sourceMeaningEn,normalizedMeaningRu,equipmentSide,proposedRuntimeFolder,sourceManualId,sourceManualPath,sourceLineOrContext,alreadyInRuntime,existingRuntimePath,action,reason
L0,L0,,2.1,Malfunction list for the wired controller,Malfunction of indoor unit,неисправность of внутренний блок,indoor,gmv-mini/indoor,gree-gmv-mini-service-manual,artifacts/manual-intake/sources/gree/SERVICE_MANUAL_GMV_MINI.pdf,"Malfunction list for wired controller, PDF page 81 / manual page 77",no,,add-runtime,GMV Mini service manual has an exact table row and no GMV Mini runtime card exists.
L1,L1,,2.1,Malfunction list for the wired controller,Indoor fan protection,Indoor fan защита,indoor,gmv-mini/indoor,gree-gmv-mini-service-manual,artifacts/manual-intake/sources/gree/SERVICE_MANUAL_GMV_MINI.pdf,"Malfunction list for wired controller, PDF page 81 / manual page 77",no,,add-runtime,GMV Mini service manual has an exact table row and no GMV Mini runtime card exists.
L2,L2,,2.1,Malfunction list for the wired controller,E-heater protection,E-heater защита,indoor,gmv-mini/indoor,gree-gmv-mini-service-manual,artifacts/manual-intake/sources/gree/SERVICE_MANUAL_GMV_MINI.pdf,"Malfunction list for wired controller, PDF page 81 / manual page 77",no,,add-runtime,GMV Mini service manual has an exact table row and no GMV Mini runtime card exists.
L3,L3,,2.1,Malfunction list for the wired controller,Water overflow protection,Water overfнизкое защита,indoor,gmv-mini/indoor,gree-gmv-mini-service-manual,artifacts/manual-intake/sources/gree/SERVICE_MANUAL_GMV_MINI.pdf,"Malfunction list for wired controller, PDF page 81 / manual page 77",no,,add-runtime,GMV Mini service manual has an exact table row and no GMV Mini runtime card exists.
L4,L4,,2.1,Malfunction list for the wired controller,Power supply of wired controller is faulted,Power supply of wired controller is faulted,indoor,gmv-mini/indoor,gree-gmv-mini-service-manual,artifacts/manual-intake/sources/gree/SERVICE_MANUAL_GMV_MINI.pdf,"Malfunction list for wired controller, PDF page 81 / manual page 77",no,,add-runtime,GMV Mini service manual has an exact table row and no GMV Mini runtime card exists.
L5,L5,,2.1,Malfunction list for the wired controller,Freeze prevention protection,Freeze prevention защита,indoor,gmv-mini/indoor,gree-gmv-mini-service-manual,artifacts/manual-intake/sources/gree/SERVICE_MANUAL_GMV_MINI.pdf,"Malfunction list for wired controller, PDF page 81 / manual page 77",no,,add-runtime,GMV Mini service manual has an exact table row and no GMV Mini runtime card exists.
L6,L6,,2.1,Malfunction list for the wired controller,Mode shock,Mode shock,indoor,gmv-mini/indoor,gree-gmv-mini-service-manual,artifacts/manual-intake/sources/gree/SERVICE_MANUAL_GMV_MINI.pdf,"Malfunction list for wired controller, PDF page 81 / manual page 77",no,,add-runtime,GMV Mini service manual has an exact table row and no GMV Mini runtime card exists.
L7,L7,,2.1,Malfunction list for the wired controller,No main indoor unit,No main внутренний блок,indoor,gmv-mini/indoor,gree-gmv-mini-service-manual,artifacts/manual-intake/sources/gree/SERVICE_MANUAL_GMV_MINI.pdf,"Malfunction list for wired controller, PDF page 81 / manual page 77",no,,add-runtime,GMV Mini service manual has an exact table row and no GMV Mini runtime card exists.
L8,L8,,2.1,Malfunction list for the wired controller,Insufficient power supply,Insufficient power supply,indoor,gmv-mini/indoor,gree-gmv-mini-service-manual,artifacts/manual-intake/sources/gree/SERVICE_MANUAL_GMV_MINI.pdf,"Malfunction list for wired controller, PDF page 81 / manual page 77",no,,add-runtime,GMV Mini service manual has an exact table row and no GMV Mini runtime card exists.
L9,L9,,2.1,Malfunction list for the wired controller,Wrong number of indoor unit for one-to-more indoor unit,неверное значение number of внутренний блок for one-to-more внутренний блок,indoor,gmv-mini/indoor,gree-gmv-mini-service-manual,artifacts/manual-intake/sources/gree/SERVICE_MANUAL_GMV_MINI.pdf,"Malfunction list for wired controller, PDF page 81 / manual page 77",no,,add-runtime,GMV Mini service manual has an exact table row and no GMV Mini runtime card exists.
LA,LA,,2.1,Malfunction list for the wired controller,Wrong series for one-to-more indoor unit,неверное значение series for one-to-more внутренний блок,indoor,gmv-mini/indoor,gree-gmv-mini-service-manual,artifacts/manual-intake/sources/gree/SERVICE_MANUAL_GMV_MINI.pdf,"Malfunction list for wired controller, PDF page 81 / manual page 77",no,,add-runtime,GMV Mini service manual has an exact table row and no GMV Mini runtime card exists.
LH,LH,,2.1,Malfunction list for the wired controller,Alarming due to bad air quality,предупреждениеing due to bad air quality,indoor,gmv-mini/indoor,gree-gmv-mini-service-manual,artifacts/manual-intake/sources/gree/SERVICE_MANUAL_GMV_MINI.pdf,"Malfunction list for wired controller, PDF page 81 / manual page 77",no,,add-runtime,GMV Mini service manual has an exact table row and no GMV Mini runtime card exists.
LC,LC,,2.1,Malfunction list for the wired controller,The indoor unit model can't match with outdoor unit model,The внутренний блок режимl can't match with наружный блок режимl,indoor,gmv-mini/indoor,gree-gmv-mini-service-manual,artifacts/manual-intake/sources/gree/SERVICE_MANUAL_GMV_MINI.pdf,"Malfunction list for wired controller, PDF page 81 / manual page 77",no,,add-runtime,GMV Mini service manual has an exact table row and no GMV Mini runtime card exists.
d1,d1,,2.1,Malfunction list for the wired controller,Poor indoor PCB,Poor indoor PCB,indoor,gmv-mini/indoor,gree-gmv-mini-service-manual,artifacts/manual-intake/sources/gree/SERVICE_MANUAL_GMV_MINI.pdf,"Malfunction list for wired controller, PDF page 81 / manual page 77",no,,add-runtime,GMV Mini service manual has an exact table row and no GMV Mini runtime card exists.
d3,d3,,2.1,Malfunction list for the wired controller,Malfunction of ambient temperature sensor,неисправность of ambient датчик температуры,indoor,gmv-mini/indoor,gree-gmv-mini-service-manual,artifacts/manual-intake/sources/gree/SERVICE_MANUAL_GMV_MINI.pdf,"Malfunction list for wired controller, PDF page 81 / manual page 77",no,,add-runtime,GMV Mini service manual has an exact table row and no GMV Mini runtime card exists.
d4,d4,,2.1,Malfunction list for the wired controller,Malfunction of entry tube temperature sensor,неисправность of entry tube датчик температуры,indoor,gmv-mini/indoor,gree-gmv-mini-service-manual,artifacts/manual-intake/sources/gree/SERVICE_MANUAL_GMV_MINI.pdf,"Malfunction list for wired controller, PDF page 81 / manual page 77",no,,add-runtime,GMV Mini service manual has an exact table row and no GMV Mini runtime card exists.
d6,d6,,2.1,Malfunction list for the wired controller,Malfunction of exit tube temperature sensor,неисправность of exit tube датчик температуры,indoor,gmv-mini/indoor,gree-gmv-mini-service-manual,artifacts/manual-intake/sources/gree/SERVICE_MANUAL_GMV_MINI.pdf,"Malfunction list for wired controller, PDF page 81 / manual page 77",no,,add-runtime,GMV Mini service manual has an exact table row and no GMV Mini runtime card exists.
d7,d7,,2.1,Malfunction list for the wired controller,Malfunction of humidity sensor,неисправность of humidity sensor,indoor,gmv-mini/indoor,gree-gmv-mini-service-manual,artifacts/manual-intake/sources/gree/SERVICE_MANUAL_GMV_MINI.pdf,"Malfunction list for wired controller, PDF page 81 / manual page 77",no,,add-runtime,GMV Mini service manual has an exact table row and no GMV Mini runtime card exists.
d8,d8,,2.1,Malfunction list for the wired controller,Malfunction of water temperature sensor,неисправность of water датчик температуры,indoor,gmv-mini/indoor,gree-gmv-mini-service-manual,artifacts/manual-intake/sources/gree/SERVICE_MANUAL_GMV_MINI.pdf,"Malfunction list for wired controller, PDF page 81 / manual page 77",no,,add-runtime,GMV Mini service manual has an exact table row and no GMV Mini runtime card exists.
d9,d9,,2.1,Malfunction list for the wired controller,Malfunction of jumper cap,неисправность of jumper cap,indoor,gmv-mini/indoor,gree-gmv-mini-service-manual,artifacts/manual-intake/sources/gree/SERVICE_MANUAL_GMV_MINI.pdf,"Malfunction list for wired controller, PDF page 81 / manual page 77",no,,add-runtime,GMV Mini service manual has an exact table row and no GMV Mini runtime card exists.
dA,dA,,2.1,Malfunction list for the wired controller,Abnormal address for indoor unit,ненормальное состояние address for внутренний блок,indoor,gmv-mini/indoor,gree-gmv-mini-service-manual,artifacts/manual-intake/sources/gree/SERVICE_MANUAL_GMV_MINI.pdf,"Malfunction list for wired controller, PDF page 81 / manual page 77",no,,add-runtime,GMV Mini service manual has an exact table row and no GMV Mini runtime card exists.
dH,dH,,2.1,Malfunction list for the wired controller,Abnormal PCB for wired controller,ненормальное состояние PCB for wired controller,indoor,gmv-mini/indoor,gree-gmv-mini-service-manual,artifacts/manual-intake/sources/gree/SERVICE_MANUAL_GMV_MINI.pdf,"Malfunction list for wired controller, PDF page 81 / manual page 77",no,,add-runtime,GMV Mini service manual has an exact table row and no GMV Mini runtime card exists.
dC,dC,,2.1,Malfunction list for the wired controller,Abnormal code-dialing setting of capacity,ненормальное состояние code-dialing настройка of capacity,indoor,gmv-mini/indoor,gree-gmv-mini-service-manual,artifacts/manual-intake/sources/gree/SERVICE_MANUAL_GMV_MINI.pdf,"Malfunction list for wired controller, PDF page 81 / manual page 77",no,,add-runtime,GMV Mini service manual has an exact table row and no GMV Mini runtime card exists.
dL,dL,,2.1,Malfunction list for the wired controller,Malfunction of air exhause temperature sensor,неисправность of air exhause датчик температуры,indoor,gmv-mini/indoor,gree-gmv-mini-service-manual,artifacts/manual-intake/sources/gree/SERVICE_MANUAL_GMV_MINI.pdf,"Malfunction list for wired controller, PDF page 81 / manual page 77",no,,add-runtime,GMV Mini service manual has an exact table row and no GMV Mini runtime card exists.
dE,dE,,2.1,Malfunction list for the wired controller,Malfunction of indoor CO2 sensor,неисправность of indoor CO2 sensor,indoor,gmv-mini/indoor,gree-gmv-mini-service-manual,artifacts/manual-intake/sources/gree/SERVICE_MANUAL_GMV_MINI.pdf,"Malfunction list for wired controller, PDF page 81 / manual page 77",no,,add-runtime,GMV Mini service manual has an exact table row and no GMV Mini runtime card exists.
db,db,,2.1,Malfunction list for the wired controller,Special code: engineering debugging code,Special code: engineering debugging code,status,gmv-mini/status,gree-gmv-mini-service-manual,artifacts/manual-intake/sources/gree/SERVICE_MANUAL_GMV_MINI.pdf,"Malfunction list for wired controller, PDF page 81 / manual page 77",no,,add-runtime,GMV Mini service manual has an exact table row and no GMV Mini runtime card exists.
E0,E0,,2.2,Status display table for indicators on main board of outdoor unit,Malfunction of outdoor unit,неисправность of наружный блок,outdoor,gmv-mini/outdoor,gree-gmv-mini-service-manual,artifacts/manual-intake/sources/gree/SERVICE_MANUAL_GMV_MINI.pdf,"Outdoor main-board status display table, PDF pages 82-83 / manual pages 78-79",no,,add-runtime,GMV Mini service manual has an exact table row and no GMV Mini runtime card exists.
E1,E1,,2.2,Status display table for indicators on main board of outdoor unit,High pressure protection,высокое давление защита,outdoor,gmv-mini/outdoor,gree-gmv-mini-service-manual,artifacts/manual-intake/sources/gree/SERVICE_MANUAL_GMV_MINI.pdf,"Outdoor main-board status display table, PDF pages 82-83 / manual pages 78-79",no,,add-runtime,GMV Mini service manual has an exact table row and no GMV Mini runtime card exists.
E2,E2,,2.2,Status display table for indicators on main board of outdoor unit,Low-temperature protection for discharge,низкотемпературная защита for discharge,outdoor,gmv-mini/outdoor,gree-gmv-mini-service-manual,artifacts/manual-intake/sources/gree/SERVICE_MANUAL_GMV_MINI.pdf,"Outdoor main-board status display table, PDF pages 82-83 / manual pages 78-79",no,,add-runtime,GMV Mini service manual has an exact table row and no GMV Mini runtime card exists.
E3,E3,,2.2,Status display table for indicators on main board of outdoor unit,Low pressure protection,низкое давление защита,outdoor,gmv-mini/outdoor,gree-gmv-mini-service-manual,artifacts/manual-intake/sources/gree/SERVICE_MANUAL_GMV_MINI.pdf,"Outdoor main-board status display table, PDF pages 82-83 / manual pages 78-79",no,,add-runtime,GMV Mini service manual has an exact table row and no GMV Mini runtime card exists.
E4,E4,,2.2,Status display table for indicators on main board of outdoor unit,Discharge high temperature protection for compressor,Discharge высокая температура защита for компрессор,outdoor,gmv-mini/outdoor,gree-gmv-mini-service-manual,artifacts/manual-intake/sources/gree/SERVICE_MANUAL_GMV_MINI.pdf,"Outdoor main-board status display table, PDF pages 82-83 / manual pages 78-79",no,,add-runtime,GMV Mini service manual has an exact table row and no GMV Mini runtime card exists.
F0,F0,,2.2,Status display table for indicators on main board of outdoor unit,Poor main board of outdoor unit,Poor main board of наружный блок,outdoor,gmv-mini/outdoor,gree-gmv-mini-service-manual,artifacts/manual-intake/sources/gree/SERVICE_MANUAL_GMV_MINI.pdf,"Outdoor main-board status display table, PDF pages 82-83 / manual pages 78-79",no,,add-runtime,GMV Mini service manual has an exact table row and no GMV Mini runtime card exists.
F1,F1,,2.2,Status display table for indicators on main board of outdoor unit,Malfunction of high pressure sensor,неисправность of высокое давление sensor,outdoor,gmv-mini/outdoor,gree-gmv-mini-service-manual,artifacts/manual-intake/sources/gree/SERVICE_MANUAL_GMV_MINI.pdf,"Outdoor main-board status display table, PDF pages 82-83 / manual pages 78-79",no,,add-runtime,GMV Mini service manual has an exact table row and no GMV Mini runtime card exists.
F3,F3,,2.2,Status display table for indicators on main board of outdoor unit,Malfunction of low pressure sensor,неисправность of низкое давление sensor,outdoor,gmv-mini/outdoor,gree-gmv-mini-service-manual,artifacts/manual-intake/sources/gree/SERVICE_MANUAL_GMV_MINI.pdf,"Outdoor main-board status display table, PDF pages 82-83 / manual pages 78-79",no,,add-runtime,GMV Mini service manual has an exact table row and no GMV Mini runtime card exists.
F5,F5,,2.2,Status display table for indicators on main board of outdoor unit,Malfunction of discharge temperature sensor for compressor 1,неисправность of discharge датчик температуры for компрессор 1,outdoor,gmv-mini/outdoor,gree-gmv-mini-service-manual,artifacts/manual-intake/sources/gree/SERVICE_MANUAL_GMV_MINI.pdf,"Outdoor main-board status display table, PDF pages 82-83 / manual pages 78-79",no,,add-runtime,GMV Mini service manual has an exact table row and no GMV Mini runtime card exists.
FP,FP,,2.2,Status display table for indicators on main board of outdoor unit,Malfunction of DC motor,неисправность of DC motor,outdoor,gmv-mini/outdoor,gree-gmv-mini-service-manual,artifacts/manual-intake/sources/gree/SERVICE_MANUAL_GMV_MINI.pdf,"Outdoor main-board status display table, PDF pages 82-83 / manual pages 78-79",no,,add-runtime,GMV Mini service manual has an exact table row and no GMV Mini runtime card exists.
J0,J0,,2.2,Status display table for indicators on main board of outdoor unit,Other module protection,Other module защита,outdoor,gmv-mini/outdoor,gree-gmv-mini-service-manual,artifacts/manual-intake/sources/gree/SERVICE_MANUAL_GMV_MINI.pdf,"Outdoor main-board status display table, PDF pages 82-83 / manual pages 78-79",no,,add-runtime,GMV Mini service manual has an exact table row and no GMV Mini runtime card exists.
J1,J1,,2.2,Status display table for indicators on main board of outdoor unit,Overcurrent protection for compressor 1,Overcurrent защита for компрессор 1,outdoor,gmv-mini/outdoor,gree-gmv-mini-service-manual,artifacts/manual-intake/sources/gree/SERVICE_MANUAL_GMV_MINI.pdf,"Outdoor main-board status display table, PDF pages 82-83 / manual pages 78-79",no,,add-runtime,GMV Mini service manual has an exact table row and no GMV Mini runtime card exists.
J7,J7,,2.2,Status display table for indicators on main board of outdoor unit,Air-mixing protection for 4-way valve,Air-mixing защита for 4-way valve,outdoor,gmv-mini/outdoor,gree-gmv-mini-service-manual,artifacts/manual-intake/sources/gree/SERVICE_MANUAL_GMV_MINI.pdf,"Outdoor main-board status display table, PDF pages 82-83 / manual pages 78-79",no,,add-runtime,GMV Mini service manual has an exact table row and no GMV Mini runtime card exists.
J8,J8,,2.2,Status display table for indicators on main board of outdoor unit,High pressure ratio protection of system,высокое давление ratio защита of system,outdoor,gmv-mini/outdoor,gree-gmv-mini-service-manual,artifacts/manual-intake/sources/gree/SERVICE_MANUAL_GMV_MINI.pdf,"Outdoor main-board status display table, PDF pages 82-83 / manual pages 78-79",no,,add-runtime,GMV Mini service manual has an exact table row and no GMV Mini runtime card exists.
J9,J9,,2.2,Status display table for indicators on main board of outdoor unit,Low pressure ratio protection of system,низкое давление ratio защита of system,outdoor,gmv-mini/outdoor,gree-gmv-mini-service-manual,artifacts/manual-intake/sources/gree/SERVICE_MANUAL_GMV_MINI.pdf,"Outdoor main-board status display table, PDF pages 82-83 / manual pages 78-79",no,,add-runtime,GMV Mini service manual has an exact table row and no GMV Mini runtime card exists.
JL,JL,,2.2,Status display table for indicators on main board of outdoor unit,High pressure is too low,высокое давление is too низкое,outdoor,gmv-mini/outdoor,gree-gmv-mini-service-manual,artifacts/manual-intake/sources/gree/SERVICE_MANUAL_GMV_MINI.pdf,"Outdoor main-board status display table, PDF pages 82-83 / manual pages 78-79",no,,add-runtime,GMV Mini service manual has an exact table row and no GMV Mini runtime card exists.
b1,b1,,2.2,Status display table for indicators on main board of outdoor unit,Malfunction for outdoor ambient temperature sensor,неисправность for outdoor ambient датчик температуры,outdoor,gmv-mini/outdoor,gree-gmv-mini-service-manual,artifacts/manual-intake/sources/gree/SERVICE_MANUAL_GMV_MINI.pdf,"Outdoor main-board status display table, PDF pages 82-83 / manual pages 78-79",no,,add-runtime,GMV Mini service manual has an exact table row and no GMV Mini runtime card exists.
b2,b2,,2.2,Status display table for indicators on main board of outdoor unit,Malfunction of defrosting temperature sensor 1,неисправность of defrosting датчик температуры 1,outdoor,gmv-mini/outdoor,gree-gmv-mini-service-manual,artifacts/manual-intake/sources/gree/SERVICE_MANUAL_GMV_MINI.pdf,"Outdoor main-board status display table, PDF pages 82-83 / manual pages 78-79",no,,add-runtime,GMV Mini service manual has an exact table row and no GMV Mini runtime card exists.
b3,b3,,2.2,Status display table for indicators on main board of outdoor unit,Malfunction of defrosting temperature sensor 2,неисправность of defrosting датчик температуры 2,outdoor,gmv-mini/outdoor,gree-gmv-mini-service-manual,artifacts/manual-intake/sources/gree/SERVICE_MANUAL_GMV_MINI.pdf,"Outdoor main-board status display table, PDF pages 82-83 / manual pages 78-79",no,,add-runtime,GMV Mini service manual has an exact table row and no GMV Mini runtime card exists.
b4,b4,,2.2,Status display table for indicators on main board of outdoor unit,Malfunction of liquid temperature sensor for subcooler,неисправность of liquid датчик температуры for subcooler,outdoor,gmv-mini/outdoor,gree-gmv-mini-service-manual,artifacts/manual-intake/sources/gree/SERVICE_MANUAL_GMV_MINI.pdf,"Outdoor main-board status display table, PDF pages 82-83 / manual pages 78-79",no,,add-runtime,GMV Mini service manual has an exact table row and no GMV Mini runtime card exists.
b5,b5,,2.2,Status display table for indicators on main board of outdoor unit,Malfunction of gas temperature sensor for subcooler,неисправность of gas датчик температуры for subcooler,outdoor,gmv-mini/outdoor,gree-gmv-mini-service-manual,artifacts/manual-intake/sources/gree/SERVICE_MANUAL_GMV_MINI.pdf,"Outdoor main-board status display table, PDF pages 82-83 / manual pages 78-79",no,,add-runtime,GMV Mini service manual has an exact table row and no GMV Mini runtime card exists.
b6,b6,,2.2,Status display table for indicators on main board of outdoor unit,Malfunction for temperature sensor of inlet tube of gas and liquid separator,неисправность for датчик температуры of inlet tube of gas and liquid separator,outdoor,gmv-mini/outdoor,gree-gmv-mini-service-manual,artifacts/manual-intake/sources/gree/SERVICE_MANUAL_GMV_MINI.pdf,"Outdoor main-board status display table, PDF pages 82-83 / manual pages 78-79",no,,add-runtime,GMV Mini service manual has an exact table row and no GMV Mini runtime card exists.
b7,b7,,2.2,Status display table for indicators on main board of outdoor unit,Malfunction for temperature sensor of exit tube of gas and liquid separator (exit tube A),неисправность for датчик температуры of exit tube of gas and liquid separator (exit tube A),outdoor,gmv-mini/outdoor,gree-gmv-mini-service-manual,artifacts/manual-intake/sources/gree/SERVICE_MANUAL_GMV_MINI.pdf,"Outdoor main-board status display table, PDF pages 82-83 / manual pages 78-79",no,,add-runtime,GMV Mini service manual has an exact table row and no GMV Mini runtime card exists.
b9,b9,,2.2,Status display table for indicators on main board of outdoor unit,Malfunction of gas exit temperature sensor for heat exchanger,неисправность of gas exit датчик температуры for heat exchanger,outdoor,gmv-mini/outdoor,gree-gmv-mini-service-manual,artifacts/manual-intake/sources/gree/SERVICE_MANUAL_GMV_MINI.pdf,"Outdoor main-board status display table, PDF pages 82-83 / manual pages 78-79",no,,add-runtime,GMV Mini service manual has an exact table row and no GMV Mini runtime card exists.
bH,bH,,2.2,Status display table for indicators on main board of outdoor unit,Abnormal clock of system,ненормальное состояние clock of system,outdoor,gmv-mini/outdoor,gree-gmv-mini-service-manual,artifacts/manual-intake/sources/gree/SERVICE_MANUAL_GMV_MINI.pdf,"Outdoor main-board status display table, PDF pages 82-83 / manual pages 78-79",no,,add-runtime,GMV Mini service manual has an exact table row and no GMV Mini runtime card exists.
P0,P0,,2.2,Status display table for indicators on main board of outdoor unit,Malfunction driven board for compressor,неисправность driven board for компрессор,outdoor,gmv-mini/outdoor,gree-gmv-mini-service-manual,artifacts/manual-intake/sources/gree/SERVICE_MANUAL_GMV_MINI.pdf,"Outdoor main-board status display table, PDF pages 82-83 / manual pages 78-79",no,,add-runtime,GMV Mini service manual has an exact table row and no GMV Mini runtime card exists.
P1,P1,,2.2,Status display table for indicators on main board of outdoor unit,Driven board of compressor works abnormally,Driven board of компрессор works ненормальное состояниеly,outdoor,gmv-mini/outdoor,gree-gmv-mini-service-manual,artifacts/manual-intake/sources/gree/SERVICE_MANUAL_GMV_MINI.pdf,"Outdoor main-board status display table, PDF pages 82-83 / manual pages 78-79",no,,add-runtime,GMV Mini service manual has an exact table row and no GMV Mini runtime card exists.
P2,P2,,2.2,Status display table for indicators on main board of outdoor unit,Power voltage protection for the driven board of compressor,Power voltage защита for the driven board of компрессор,outdoor,gmv-mini/outdoor,gree-gmv-mini-service-manual,artifacts/manual-intake/sources/gree/SERVICE_MANUAL_GMV_MINI.pdf,"Outdoor main-board status display table, PDF pages 82-83 / manual pages 78-79",no,,add-runtime,GMV Mini service manual has an exact table row and no GMV Mini runtime card exists.
P3,P3,,2.2,Status display table for indicators on main board of outdoor unit,Reset protection for the driven module of compressor,Reset защита for the driven module of компрессор,outdoor,gmv-mini/outdoor,gree-gmv-mini-service-manual,artifacts/manual-intake/sources/gree/SERVICE_MANUAL_GMV_MINI.pdf,"Outdoor main-board status display table, PDF pages 82-83 / manual pages 78-79",no,,add-runtime,GMV Mini service manual has an exact table row and no GMV Mini runtime card exists.
P4,P4,,2.2,Status display table for indicators on main board of outdoor unit,Driven PFC protection of compressor,Driven PFC защита of компрессор,outdoor,gmv-mini/outdoor,gree-gmv-mini-service-manual,artifacts/manual-intake/sources/gree/SERVICE_MANUAL_GMV_MINI.pdf,"Outdoor main-board status display table, PDF pages 82-83 / manual pages 78-79",no,,add-runtime,GMV Mini service manual has an exact table row and no GMV Mini runtime card exists.
P5,P5,,2.2,Status display table for indicators on main board of outdoor unit,Overcurrent protection for inverter compressor,Overcurrent защита for inverter компрессор,outdoor,gmv-mini/outdoor,gree-gmv-mini-service-manual,artifacts/manual-intake/sources/gree/SERVICE_MANUAL_GMV_MINI.pdf,"Outdoor main-board status display table, PDF pages 82-83 / manual pages 78-79",no,,add-runtime,GMV Mini service manual has an exact table row and no GMV Mini runtime card exists.
P6,P6,,2.2,Status display table for indicators on main board of outdoor unit,Driven IPM module protection for compressor,Driven IPM module защита for компрессор,outdoor,gmv-mini/outdoor,gree-gmv-mini-service-manual,artifacts/manual-intake/sources/gree/SERVICE_MANUAL_GMV_MINI.pdf,"Outdoor main-board status display table, PDF pages 82-83 / manual pages 78-79",no,,add-runtime,GMV Mini service manual has an exact table row and no GMV Mini runtime card exists.
P7,P7,,2.2,Status display table for indicators on main board of outdoor unit,Malfunction of driven temperature sensor for compressor,неисправность of driven датчик температуры for компрессор,outdoor,gmv-mini/outdoor,gree-gmv-mini-service-manual,artifacts/manual-intake/sources/gree/SERVICE_MANUAL_GMV_MINI.pdf,"Outdoor main-board status display table, PDF pages 82-83 / manual pages 78-79",no,,add-runtime,GMV Mini service manual has an exact table row and no GMV Mini runtime card exists.
P8,P8,,2.2,Status display table for indicators on main board of outdoor unit,Overheating protection for driven IPM of compressor,Overheating защита for driven IPM of компрессор,outdoor,gmv-mini/outdoor,gree-gmv-mini-service-manual,artifacts/manual-intake/sources/gree/SERVICE_MANUAL_GMV_MINI.pdf,"Outdoor main-board status display table, PDF pages 82-83 / manual pages 78-79",no,,add-runtime,GMV Mini service manual has an exact table row and no GMV Mini runtime card exists.
P9,P9,,2.2,Status display table for indicators on main board of outdoor unit,Desynchronizing protection for inverter compressor,Desynchronizing защита for inverter компрессор,outdoor,gmv-mini/outdoor,gree-gmv-mini-service-manual,artifacts/manual-intake/sources/gree/SERVICE_MANUAL_GMV_MINI.pdf,"Outdoor main-board status display table, PDF pages 82-83 / manual pages 78-79",no,,add-runtime,GMV Mini service manual has an exact table row and no GMV Mini runtime card exists.
PH,PH,,2.2,Status display table for indicators on main board of outdoor unit,High voltage protection for driven DC bus bar of compressor,высокое напряжение защита for driven DC bus bar of компрессор,outdoor,gmv-mini/outdoor,gree-gmv-mini-service-manual,artifacts/manual-intake/sources/gree/SERVICE_MANUAL_GMV_MINI.pdf,"Outdoor main-board status display table, PDF pages 82-83 / manual pages 78-79",no,,add-runtime,GMV Mini service manual has an exact table row and no GMV Mini runtime card exists.
PC,PC,,2.2,Status display table for indicators on main board of outdoor unit,Circuit malfunction of driven current detection for compressor,Circuit неисправность of driven current detection for компрессор,outdoor,gmv-mini/outdoor,gree-gmv-mini-service-manual,artifacts/manual-intake/sources/gree/SERVICE_MANUAL_GMV_MINI.pdf,"Outdoor main-board status display table, PDF pages 82-83 / manual pages 78-79",no,,add-runtime,GMV Mini service manual has an exact table row and no GMV Mini runtime card exists.
PL,PL,,2.2,Status display table for indicators on main board of outdoor unit,Low voltage protection for driven DC bus bar of compressor,низкое напряжение защита for driven DC bus bar of компрессор,outdoor,gmv-mini/outdoor,gree-gmv-mini-service-manual,artifacts/manual-intake/sources/gree/SERVICE_MANUAL_GMV_MINI.pdf,"Outdoor main-board status display table, PDF pages 82-83 / manual pages 78-79",no,,add-runtime,GMV Mini service manual has an exact table row and no GMV Mini runtime card exists.
PE,PE,,2.2,Status display table for indicators on main board of outdoor unit,Phase-losing of inverter compressor,Phase-losing of inverter компрессор,outdoor,gmv-mini/outdoor,gree-gmv-mini-service-manual,artifacts/manual-intake/sources/gree/SERVICE_MANUAL_GMV_MINI.pdf,"Outdoor main-board status display table, PDF pages 82-83 / manual pages 78-79",no,,add-runtime,GMV Mini service manual has an exact table row and no GMV Mini runtime card exists.
PF,PF,,2.2,Status display table for indicators on main board of outdoor unit,Malfunction of driven charging loop for compressor,неисправность of driven charging loop for компрессор,outdoor,gmv-mini/outdoor,gree-gmv-mini-service-manual,artifacts/manual-intake/sources/gree/SERVICE_MANUAL_GMV_MINI.pdf,"Outdoor main-board status display table, PDF pages 82-83 / manual pages 78-79",no,,add-runtime,GMV Mini service manual has an exact table row and no GMV Mini runtime card exists.
PJ,PJ,,2.2,Status display table for indicators on main board of outdoor unit,Failure start up for inverter compressor,Failure start up for inverter компрессор,outdoor,gmv-mini/outdoor,gree-gmv-mini-service-manual,artifacts/manual-intake/sources/gree/SERVICE_MANUAL_GMV_MINI.pdf,"Outdoor main-board status display table, PDF pages 82-83 / manual pages 78-79",no,,add-runtime,GMV Mini service manual has an exact table row and no GMV Mini runtime card exists.
PP,PP,,2.2,Status display table for indicators on main board of outdoor unit,AC current protection for inverter compressor,AC current защита for inverter компрессор,outdoor,gmv-mini/outdoor,gree-gmv-mini-service-manual,artifacts/manual-intake/sources/gree/SERVICE_MANUAL_GMV_MINI.pdf,"Outdoor main-board status display table, PDF pages 82-83 / manual pages 78-79",no,,add-runtime,GMV Mini service manual has an exact table row and no GMV Mini runtime card exists.
U0,U0,,2.2,Status display table for indicators on main board of outdoor unit,Preheat time is not enough for compressor,Preheat time is not enough for компрессор,outdoor,gmv-mini/outdoor,gree-gmv-mini-service-manual,artifacts/manual-intake/sources/gree/SERVICE_MANUAL_GMV_MINI.pdf,"Outdoor main-board status display table, PDF pages 82-83 / manual pages 78-79",no,,add-runtime,GMV Mini service manual has an exact table row and no GMV Mini runtime card exists.
U2,U2,,2.2,Status display table for indicators on main board of outdoor unit,Capacity code of outdoor unit/wrong setting of jumper cap,Capacity code of наружный блок/неверное значение настройка of jumper cap,outdoor,gmv-mini/outdoor,gree-gmv-mini-service-manual,artifacts/manual-intake/sources/gree/SERVICE_MANUAL_GMV_MINI.pdf,"Outdoor main-board status display table, PDF pages 82-83 / manual pages 78-79",no,,add-runtime,GMV Mini service manual has an exact table row and no GMV Mini runtime card exists.
U4,U4,,2.2,Status display table for indicators on main board of outdoor unit,Insufficient refrigerant protection,Insufficient refrigerant защита,outdoor,gmv-mini/outdoor,gree-gmv-mini-service-manual,artifacts/manual-intake/sources/gree/SERVICE_MANUAL_GMV_MINI.pdf,"Outdoor main-board status display table, PDF pages 82-83 / manual pages 78-79",no,,add-runtime,GMV Mini service manual has an exact table row and no GMV Mini runtime card exists.
U5,U5,,2.2,Status display table for indicators on main board of outdoor unit,Wrong address for the driven board of compressor,неверное значение address for the driven board of компрессор,outdoor,gmv-mini/outdoor,gree-gmv-mini-service-manual,artifacts/manual-intake/sources/gree/SERVICE_MANUAL_GMV_MINI.pdf,"Outdoor main-board status display table, PDF pages 82-83 / manual pages 78-79",no,,add-runtime,GMV Mini service manual has an exact table row and no GMV Mini runtime card exists.
U6,U6,,2.2,Status display table for indicators on main board of outdoor unit,Alarm due to abnormal valve,предупреждение due to ненормальное состояние valve,outdoor,gmv-mini/outdoor,gree-gmv-mini-service-manual,artifacts/manual-intake/sources/gree/SERVICE_MANUAL_GMV_MINI.pdf,"Outdoor main-board status display table, PDF pages 82-83 / manual pages 78-79",no,,add-runtime,GMV Mini service manual has an exact table row and no GMV Mini runtime card exists.
U8,U8,,2.2,Status display table for indicators on main board of outdoor unit,Malfunction of pipeline for indoor unit,неисправность of pipeline for внутренний блок,outdoor,gmv-mini/outdoor,gree-gmv-mini-service-manual,artifacts/manual-intake/sources/gree/SERVICE_MANUAL_GMV_MINI.pdf,"Outdoor main-board status display table, PDF pages 82-83 / manual pages 78-79",no,,add-runtime,GMV Mini service manual has an exact table row and no GMV Mini runtime card exists.
U9,U9,,2.2,Status display table for indicators on main board of outdoor unit,Malfunction of pipeline for outdoor unit,неисправность of pipeline for наружный блок,outdoor,gmv-mini/outdoor,gree-gmv-mini-service-manual,artifacts/manual-intake/sources/gree/SERVICE_MANUAL_GMV_MINI.pdf,"Outdoor main-board status display table, PDF pages 82-83 / manual pages 78-79",no,,add-runtime,GMV Mini service manual has an exact table row and no GMV Mini runtime card exists.
UC,UC,,2.2,Status display table for indicators on main board of outdoor unit,Setting for indoor unit and outdoor unit is succeeded,Setting for внутренний блок and наружный блок is succeeded,status,gmv-mini/status,gree-gmv-mini-service-manual,artifacts/manual-intake/sources/gree/SERVICE_MANUAL_GMV_MINI.pdf,"Outdoor main-board status display table, PDF page 83 / manual page 79",no,,add-runtime,GMV Mini service manual has an exact table row and no GMV Mini runtime card exists.
UL,UL,,2.2,Status display table for indicators on main board of outdoor unit,Wrong code-dialing during emergency operation,неверное значение code-dialing during emergency operation,outdoor,gmv-mini/outdoor,gree-gmv-mini-service-manual,artifacts/manual-intake/sources/gree/SERVICE_MANUAL_GMV_MINI.pdf,"Outdoor main-board status display table, PDF pages 82-83 / manual pages 78-79",no,,add-runtime,GMV Mini service manual has an exact table row and no GMV Mini runtime card exists.
UE,UE,,2.2,Status display table for indicators on main board of outdoor unit,Refrigerant-charging is invalid,Refrigerant-charging is invalid,outdoor,gmv-mini/outdoor,gree-gmv-mini-service-manual,artifacts/manual-intake/sources/gree/SERVICE_MANUAL_GMV_MINI.pdf,"Outdoor main-board status display table, PDF pages 82-83 / manual pages 78-79",no,,add-runtime,GMV Mini service manual has an exact table row and no GMV Mini runtime card exists.
C2,C2,,2.2,Status display table for indicators on main board of outdoor unit,Driven communication malfunction between main board and inverter compressor,Driven communication неисправность between main board and inverter компрессор,outdoor,gmv-mini/outdoor,gree-gmv-mini-service-manual,artifacts/manual-intake/sources/gree/SERVICE_MANUAL_GMV_MINI.pdf,"Outdoor main-board status display table, PDF pages 82-83 / manual pages 78-79",no,,add-runtime,GMV Mini service manual has an exact table row and no GMV Mini runtime card exists.
C3,C3,,2.2,Status display table for indicators on main board of outdoor unit,Driven communication malfunction between main board and inverter compressor,Driven communication неисправность between main board and inverter компрессор,outdoor,gmv-mini/outdoor,gree-gmv-mini-service-manual,artifacts/manual-intake/sources/gree/SERVICE_MANUAL_GMV_MINI.pdf,"Outdoor main-board status display table, PDF pages 82-83 / manual pages 78-79",no,,add-runtime,GMV Mini service manual has an exact table row and no GMV Mini runtime card exists.
C4,C4,,2.2,Status display table for indicators on main board of outdoor unit,Malfunction of indoor unit-lacking,неисправность of внутренний блок-lacking,outdoor,gmv-mini/outdoor,gree-gmv-mini-service-manual,artifacts/manual-intake/sources/gree/SERVICE_MANUAL_GMV_MINI.pdf,"Outdoor main-board status display table, PDF pages 82-83 / manual pages 78-79",no,,add-runtime,GMV Mini service manual has an exact table row and no GMV Mini runtime card exists.
C5,C5,,2.2,Status display table for indicators on main board of outdoor unit,Alarming due to engineering series number shock of indoor unit,предупреждениеing due to engineering series number shock of внутренний блок,outdoor,gmv-mini/outdoor,gree-gmv-mini-service-manual,artifacts/manual-intake/sources/gree/SERVICE_MANUAL_GMV_MINI.pdf,"Outdoor main-board status display table, PDF pages 82-83 / manual pages 78-79",no,,add-runtime,GMV Mini service manual has an exact table row and no GMV Mini runtime card exists.
C6,C6,,2.2,Status display table for indicators on main board of outdoor unit,Alarming due to wrong quantity of outdoor unit,предупреждениеing due to неверное значение quantity of наружный блок,outdoor,gmv-mini/outdoor,gree-gmv-mini-service-manual,artifacts/manual-intake/sources/gree/SERVICE_MANUAL_GMV_MINI.pdf,"Outdoor main-board status display table, PDF pages 82-83 / manual pages 78-79",no,,add-runtime,GMV Mini service manual has an exact table row and no GMV Mini runtime card exists.
C8,C8,,2.2,Status display table for indicators on main board of outdoor unit,Emergency status of compressor,Emergency status of компрессор,status,gmv-mini/status,gree-gmv-mini-service-manual,artifacts/manual-intake/sources/gree/SERVICE_MANUAL_GMV_MINI.pdf,"Outdoor main-board status display table, PDF page 83 / manual page 79",no,,add-runtime,GMV Mini service manual has an exact table row and no GMV Mini runtime card exists.
C9,C9,,2.2,Status display table for indicators on main board of outdoor unit,Emergency status of fan,Emergency status of fan,status,gmv-mini/status,gree-gmv-mini-service-manual,artifacts/manual-intake/sources/gree/SERVICE_MANUAL_GMV_MINI.pdf,"Outdoor main-board status display table, PDF page 83 / manual page 79",no,,add-runtime,GMV Mini service manual has an exact table row and no GMV Mini runtime card exists.
CH,CH,,2.2,Status display table for indicators on main board of outdoor unit,High rated capacity,высокая номинальная производительность,status,gmv-mini/status,gree-gmv-mini-service-manual,artifacts/manual-intake/sources/gree/SERVICE_MANUAL_GMV_MINI.pdf,"Outdoor main-board status display table, PDF page 83 / manual page 79",no,,add-runtime,GMV Mini service manual has an exact table row and no GMV Mini runtime card exists.
CC,CC,,2.2,Status display table for indicators on main board of outdoor unit,No malfunction of main control unit,No неисправность of main control unit,status,gmv-mini/status,gree-gmv-mini-service-manual,artifacts/manual-intake/sources/gree/SERVICE_MANUAL_GMV_MINI.pdf,"Outdoor main-board status display table, PDF page 83 / manual page 79",no,,add-runtime,GMV Mini service manual has an exact table row and no GMV Mini runtime card exists.
CA,CA,,2.2,Status display table for indicators on main board of outdoor unit,Emergency status of module,Emergency status of module,status,gmv-mini/status,gree-gmv-mini-service-manual,artifacts/manual-intake/sources/gree/SERVICE_MANUAL_GMV_MINI.pdf,"Outdoor main-board status display table, PDF page 83 / manual page 79",no,,add-runtime,GMV Mini service manual has an exact table row and no GMV Mini runtime card exists.
CF,CF,,2.2,Status display table for indicators on main board of outdoor unit,Malfunction of main control unit,неисправность of main control unit,outdoor,gmv-mini/outdoor,gree-gmv-mini-service-manual,artifacts/manual-intake/sources/gree/SERVICE_MANUAL_GMV_MINI.pdf,"Outdoor main-board status display table, PDF pages 82-83 / manual pages 78-79",no,,add-runtime,GMV Mini service manual has an exact table row and no GMV Mini runtime card exists.
CJ,CJ,,2.2,Status display table for indicators on main board of outdoor unit,Address shock of system,Address shock of system,outdoor,gmv-mini/outdoor,gree-gmv-mini-service-manual,artifacts/manual-intake/sources/gree/SERVICE_MANUAL_GMV_MINI.pdf,"Outdoor main-board status display table, PDF pages 82-83 / manual pages 78-79",no,,add-runtime,GMV Mini service manual has an exact table row and no GMV Mini runtime card exists.
CL,CL,,2.2,Status display table for indicators on main board of outdoor unit,Low rated capacity,низкая номинальная производительность,status,gmv-mini/status,gree-gmv-mini-service-manual,artifacts/manual-intake/sources/gree/SERVICE_MANUAL_GMV_MINI.pdf,"Outdoor main-board status display table, PDF page 83 / manual page 79",no,,add-runtime,GMV Mini service manual has an exact table row and no GMV Mini runtime card exists.
CU,CU,,2.2,Status display table for indicators on main board of outdoor unit,Communication malfunction between indoor unit receiving lamp board,нарушение связи between внутренний блок receiving lamp board,outdoor,gmv-mini/outdoor,gree-gmv-mini-service-manual,artifacts/manual-intake/sources/gree/SERVICE_MANUAL_GMV_MINI.pdf,"Outdoor main-board status display table, PDF pages 82-83 / manual pages 78-79",no,,add-runtime,GMV Mini service manual has an exact table row and no GMV Mini runtime card exists.
Cb,Cb,,2.2,Status display table for indicators on main board of outdoor unit,Distribution overflow of IP address,Distribution overfнизкое of IP address,outdoor,gmv-mini/outdoor,gree-gmv-mini-service-manual,artifacts/manual-intake/sources/gree/SERVICE_MANUAL_GMV_MINI.pdf,"Outdoor main-board status display table, PDF pages 82-83 / manual pages 78-79",no,,add-runtime,GMV Mini service manual has an exact table row and no GMV Mini runtime card exists.
A0,A0,,2.2,Status display table for indicators on main board of outdoor unit,Debugging for unit,наладка for unit,status,gmv-mini/status,gree-gmv-mini-service-manual,artifacts/manual-intake/sources/gree/SERVICE_MANUAL_GMV_MINI.pdf,"Outdoor main-board status display table, PDF page 83 / manual page 79",no,,add-runtime,GMV Mini service manual has an exact table row and no GMV Mini runtime card exists.
A2,A2,,2.2,Status display table for indicators on main board of outdoor unit,Refrigerant recovery,Refrigerant recovery,status,gmv-mini/status,gree-gmv-mini-service-manual,artifacts/manual-intake/sources/gree/SERVICE_MANUAL_GMV_MINI.pdf,"Outdoor main-board status display table, PDF page 83 / manual page 79",no,,add-runtime,GMV Mini service manual has an exact table row and no GMV Mini runtime card exists.
A3,A3,,2.2,Status display table for indicators on main board of outdoor unit,Defrosting,Defrosting,status,gmv-mini/status,gree-gmv-mini-service-manual,artifacts/manual-intake/sources/gree/SERVICE_MANUAL_GMV_MINI.pdf,"Outdoor main-board status display table, PDF page 83 / manual page 79",no,,add-runtime,GMV Mini service manual has an exact table row and no GMV Mini runtime card exists.
A4,A4,,2.2,Status display table for indicators on main board of outdoor unit,Oil return,Oil return,status,gmv-mini/status,gree-gmv-mini-service-manual,artifacts/manual-intake/sources/gree/SERVICE_MANUAL_GMV_MINI.pdf,"Outdoor main-board status display table, PDF page 83 / manual page 79",no,,add-runtime,GMV Mini service manual has an exact table row and no GMV Mini runtime card exists.
A6,A6,,2.2,Status display table for indicators on main board of outdoor unit,Heat pump function setting,Heat pump function настройка,status,gmv-mini/status,gree-gmv-mini-service-manual,artifacts/manual-intake/sources/gree/SERVICE_MANUAL_GMV_MINI.pdf,"Outdoor main-board status display table, PDF page 83 / manual page 79",no,,add-runtime,GMV Mini service manual has an exact table row and no GMV Mini runtime card exists.
A7,A7,,2.2,Status display table for indicators on main board of outdoor unit,Quit mode setting,Quit режим настройка,status,gmv-mini/status,gree-gmv-mini-service-manual,artifacts/manual-intake/sources/gree/SERVICE_MANUAL_GMV_MINI.pdf,"Outdoor main-board status display table, PDF page 83 / manual page 79",no,,add-runtime,GMV Mini service manual has an exact table row and no GMV Mini runtime card exists.
A8,A8,,2.2,Status display table for indicators on main board of outdoor unit,Vacuum pump mode,Vacuum pump режим,status,gmv-mini/status,gree-gmv-mini-service-manual,artifacts/manual-intake/sources/gree/SERVICE_MANUAL_GMV_MINI.pdf,"Outdoor main-board status display table, PDF page 83 / manual page 79",no,,add-runtime,GMV Mini service manual has an exact table row and no GMV Mini runtime card exists.
AU,AU,,2.2,Status display table for indicators on main board of outdoor unit,Long-distance emergency stop,Long-distance emergency stop,status,gmv-mini/status,gree-gmv-mini-service-manual,artifacts/manual-intake/sources/gree/SERVICE_MANUAL_GMV_MINI.pdf,"Outdoor main-board status display table, PDF page 83 / manual page 79",no,,add-runtime,GMV Mini service manual has an exact table row and no GMV Mini runtime card exists.
Ab,Ab,,2.2,Status display table for indicators on main board of outdoor unit,Emergency stop,Emergency stop,status,gmv-mini/status,gree-gmv-mini-service-manual,artifacts/manual-intake/sources/gree/SERVICE_MANUAL_GMV_MINI.pdf,"Outdoor main-board status display table, PDF page 83 / manual page 79",no,,add-runtime,GMV Mini service manual has an exact table row and no GMV Mini runtime card exists.
AH,AH,,2.2,Status display table for indicators on main board of outdoor unit,Heating,Heating,status,gmv-mini/status,gree-gmv-mini-service-manual,artifacts/manual-intake/sources/gree/SERVICE_MANUAL_GMV_MINI.pdf,"Outdoor main-board status display table, PDF page 83 / manual page 79",no,,add-runtime,GMV Mini service manual has an exact table row and no GMV Mini runtime card exists.
AL,AL,,2.2,Status display table for indicators on main board of outdoor unit,Charge refrigerant automatically,Charge refrigerant automatically,status,gmv-mini/status,gree-gmv-mini-service-manual,artifacts/manual-intake/sources/gree/SERVICE_MANUAL_GMV_MINI.pdf,"Outdoor main-board status display table, PDF page 83 / manual page 79",no,,add-runtime,GMV Mini service manual has an exact table row and no GMV Mini runtime card exists.
AE,AE,,2.2,Status display table for indicators on main board of outdoor unit,Charge refrigerant by hand,Charge refrigerant by hand,status,gmv-mini/status,gree-gmv-mini-service-manual,artifacts/manual-intake/sources/gree/SERVICE_MANUAL_GMV_MINI.pdf,"Outdoor main-board status display table, PDF page 83 / manual page 79",no,,add-runtime,GMV Mini service manual has an exact table row and no GMV Mini runtime card exists.
AF,AF,,2.2,Status display table for indicators on main board of outdoor unit,Fan blow,Fan bнизкое,status,gmv-mini/status,gree-gmv-mini-service-manual,artifacts/manual-intake/sources/gree/SERVICE_MANUAL_GMV_MINI.pdf,"Outdoor main-board status display table, PDF page 83 / manual page 79",no,,add-runtime,GMV Mini service manual has an exact table row and no GMV Mini runtime card exists.
AP,AP,,2.2,Status display table for indicators on main board of outdoor unit,Startup debugging confirmation of unit,Startup debugging confirmation of unit,status,gmv-mini/status,gree-gmv-mini-service-manual,artifacts/manual-intake/sources/gree/SERVICE_MANUAL_GMV_MINI.pdf,"Outdoor main-board status display table, PDF page 83 / manual page 79",no,,add-runtime,GMV Mini service manual has an exact table row and no GMV Mini runtime card exists.
Ad,Ad,,2.2,Status display table for indicators on main board of outdoor unit,Limit operation,Limit operation,status,gmv-mini/status,gree-gmv-mini-service-manual,artifacts/manual-intake/sources/gree/SERVICE_MANUAL_GMV_MINI.pdf,"Outdoor main-board status display table, PDF page 83 / manual page 79",no,,add-runtime,GMV Mini service manual has an exact table row and no GMV Mini runtime card exists.
n0,n0,,2.2,Status display table for indicators on main board of outdoor unit,SE setting for the operation,SE настройка for the operation,status,gmv-mini/status,gree-gmv-mini-service-manual,artifacts/manual-intake/sources/gree/SERVICE_MANUAL_GMV_MINI.pdf,"Outdoor main-board status display table, PDF page 83 / manual page 79",no,,add-runtime,GMV Mini service manual has an exact table row and no GMV Mini runtime card exists.
n4,n4,,2.2,Status display table for indicators on main board of outdoor unit,Limit setting for the maximum output capacity,Limit настройка for the maximum output capacity,status,gmv-mini/status,gree-gmv-mini-service-manual,artifacts/manual-intake/sources/gree/SERVICE_MANUAL_GMV_MINI.pdf,"Outdoor main-board status display table, PDF page 83 / manual page 79",no,,add-runtime,GMV Mini service manual has an exact table row and no GMV Mini runtime card exists.
n6,n6,,2.2,Status display table for indicators on main board of outdoor unit,Engineering series number inquiry for indoor unit,Engineering series number запрос for внутренний блок,status,gmv-mini/status,gree-gmv-mini-service-manual,artifacts/manual-intake/sources/gree/SERVICE_MANUAL_GMV_MINI.pdf,"Outdoor main-board status display table, PDF page 83 / manual page 79",no,,add-runtime,GMV Mini service manual has an exact table row and no GMV Mini runtime card exists.
n7,n7,,2.2,Status display table for indicators on main board of outdoor unit,Malfunction inquiry,неисправность запрос,status,gmv-mini/status,gree-gmv-mini-service-manual,artifacts/manual-intake/sources/gree/SERVICE_MANUAL_GMV_MINI.pdf,"Outdoor main-board status display table, PDF page 83 / manual page 79",no,,add-runtime,GMV Mini service manual has an exact table row and no GMV Mini runtime card exists.
n8,n8,,2.2,Status display table for indicators on main board of outdoor unit,Parameters inquiry,Parameters запрос,status,gmv-mini/status,gree-gmv-mini-service-manual,artifacts/manual-intake/sources/gree/SERVICE_MANUAL_GMV_MINI.pdf,"Outdoor main-board status display table, PDF page 83 / manual page 79",no,,add-runtime,GMV Mini service manual has an exact table row and no GMV Mini runtime card exists.
nH,nH,,2.2,Status display table for indicators on main board of outdoor unit,Heating only model,Heating only режимl,status,gmv-mini/status,gree-gmv-mini-service-manual,artifacts/manual-intake/sources/gree/SERVICE_MANUAL_GMV_MINI.pdf,"Outdoor main-board status display table, PDF page 83 / manual page 79",no,,add-runtime,GMV Mini service manual has an exact table row and no GMV Mini runtime card exists.
nC,nC,,2.2,Status display table for indicators on main board of outdoor unit,Cooling only model,Cooling only режимl,status,gmv-mini/status,gree-gmv-mini-service-manual,artifacts/manual-intake/sources/gree/SERVICE_MANUAL_GMV_MINI.pdf,"Outdoor main-board status display table, PDF page 83 / manual page 79",no,,add-runtime,GMV Mini service manual has an exact table row and no GMV Mini runtime card exists.
nA,nA,,2.2,Status display table for indicators on main board of outdoor unit,Heat pump unit,Heat pump unit,status,gmv-mini/status,gree-gmv-mini-service-manual,artifacts/manual-intake/sources/gree/SERVICE_MANUAL_GMV_MINI.pdf,"Outdoor main-board status display table, PDF page 83 / manual page 79",no,,add-runtime,GMV Mini service manual has an exact table row and no GMV Mini runtime card exists.
nF,nF,,2.2,Status display table for indicators on main board of outdoor unit,Fan model,Fan режимl,status,gmv-mini/status,gree-gmv-mini-service-manual,artifacts/manual-intake/sources/gree/SERVICE_MANUAL_GMV_MINI.pdf,"Outdoor main-board status display table, PDF page 83 / manual page 79",no,,add-runtime,GMV Mini service manual has an exact table row and no GMV Mini runtime card exists.
nE,nE,,2.2,Status display table for indicators on main board of outdoor unit,Negative code,Negative code,status,gmv-mini/status,gree-gmv-mini-service-manual,artifacts/manual-intake/sources/gree/SERVICE_MANUAL_GMV_MINI.pdf,"Outdoor main-board status display table, PDF page 83 / manual page 79",no,,add-runtime,GMV Mini service manual has an exact table row and no GMV Mini runtime card exists.
Ed,Ed,,2.2,Status display table for indicators on main board of outdoor unit,Low temperature protection for drive module,низкая температура защита for drive module,outdoor,gmv-mini/outdoor,gree-gmv-mini-service-manual,artifacts/manual-intake/sources/gree/SERVICE_MANUAL_GMV_MINI.pdf,"Outdoor main-board status display table, PDF pages 82-83 / manual pages 78-79",no,,add-runtime,GMV Mini service manual has an exact table row and no GMV Mini runtime card exists.
01,01,,1.2,Debugging of unit,Set master unit,Set master unit,debugging,gmv-mini/status,gree-gmv-mini-service-manual,artifacts/manual-intake/sources/gree/SERVICE_MANUAL_GMV_MINI.pdf,"Debugging of unit stage table, PDF pages 72-75 / manual pages 68-71",no,,add-runtime,GMV Mini service manual has an exact table row and no GMV Mini runtime card exists.
02,02,,1.2,Debugging of unit,Allocate addresses,Allocate addresses,debugging,gmv-mini/status,gree-gmv-mini-service-manual,artifacts/manual-intake/sources/gree/SERVICE_MANUAL_GMV_MINI.pdf,"Debugging of unit stage table, PDF pages 72-75 / manual pages 68-71",no,,add-runtime,GMV Mini service manual has an exact table row and no GMV Mini runtime card exists.
03,03,,1.2,Debugging of unit,Confirm the quantity of outdoor unit,Confirm the quantity of наружный блок,debugging,gmv-mini/status,gree-gmv-mini-service-manual,artifacts/manual-intake/sources/gree/SERVICE_MANUAL_GMV_MINI.pdf,"Debugging of unit stage table, PDF pages 72-75 / manual pages 68-71",no,,add-runtime,GMV Mini service manual has an exact table row and no GMV Mini runtime card exists.
04,04,,1.2,Debugging of unit,Confirm the quantity of indoor unit,Confirm the quantity of внутренний блок,debugging,gmv-mini/status,gree-gmv-mini-service-manual,artifacts/manual-intake/sources/gree/SERVICE_MANUAL_GMV_MINI.pdf,"Debugging of unit stage table, PDF pages 72-75 / manual pages 68-71",no,,add-runtime,GMV Mini service manual has an exact table row and no GMV Mini runtime card exists.
05,05,,1.2,Debugging of unit,Detect outdoor unit internal communication,Detect наружный блок internal communication,debugging,gmv-mini/status,gree-gmv-mini-service-manual,artifacts/manual-intake/sources/gree/SERVICE_MANUAL_GMV_MINI.pdf,"Debugging of unit stage table, PDF pages 72-75 / manual pages 68-71",no,,add-runtime,GMV Mini service manual has an exact table row and no GMV Mini runtime card exists.
06,06,,1.2,Debugging of unit,Detect outdoor unit components,Detect наружный блок components,debugging,gmv-mini/status,gree-gmv-mini-service-manual,artifacts/manual-intake/sources/gree/SERVICE_MANUAL_GMV_MINI.pdf,"Debugging of unit stage table, PDF pages 72-75 / manual pages 68-71",no,,add-runtime,GMV Mini service manual has an exact table row and no GMV Mini runtime card exists.
07,07,,1.2,Debugging of unit,Detect indoor unit components,Detect внутренний блок components,debugging,gmv-mini/status,gree-gmv-mini-service-manual,artifacts/manual-intake/sources/gree/SERVICE_MANUAL_GMV_MINI.pdf,"Debugging of unit stage table, PDF pages 72-75 / manual pages 68-71",no,,add-runtime,GMV Mini service manual has an exact table row and no GMV Mini runtime card exists.
08,08,,1.2,Debugging of unit,Confirm preheated compressor,Confirm preheated компрессор,debugging,gmv-mini/status,gree-gmv-mini-service-manual,artifacts/manual-intake/sources/gree/SERVICE_MANUAL_GMV_MINI.pdf,"Debugging of unit stage table, PDF pages 72-75 / manual pages 68-71",no,,add-runtime,GMV Mini service manual has an exact table row and no GMV Mini runtime card exists.
